Player,Age,Team,Pos,G,GS,MP,FG,FGA,FG%,3P,3PA,3P%,2P,2PA,2P%,eFG%,FT,FTA,FT%,ORB,DRB,TRB,AST,STL,BLK,TOV,PF,PTS,Salary
Torrey Craig,34.0,2TM,SF,52.0,8.0,12.166666666666666,1.5999999999999999,3.6999999999999997,0.4223333333333333,1.0333333333333334,2.733333333333334,0.361,0.5666666666666668,0.9333333333333332,0.5943333333333333,0.556,0.3,0.4666666666666666,0.6806666666666666,1.0,1.8,2.7999999999999994,0.6666666666666666,0.3,0.39999999999999997,0.26666666666666666,1.3666666666666665,4.6000000000000005,3891631.0
Mike Conley,37.0,MIN,PG,71.0,64.0,24.7,2.6,6.6,0.4,1.8,4.4,0.41,0.8,2.2,0.38,0.535,1.1,1.3,0.9,0.5,2.1,2.6,4.5,1.1,0.2,1.1,1.6,8.2,9975962.0
Jared Rhoden,25.0,2TM,SG,28.0,4.0,13.566666666666668,2.5,5.366666666666667,0.413,0.7000000000000001,2.3333333333333335,0.21066666666666667,1.8,3.0333333333333337,0.5416666666666666,0.4613333333333333,1.2666666666666668,1.4333333333333333,0.88,0.9,1.7,2.6,1.0,0.6333333333333333,0.10000000000000002,0.5666666666666667,1.2,6.933333333333334,386995.0
Kyrie Irving,32.0,DAL,SG,50.0,50.0,36.1,8.9,18.9,0.473,2.9,7.2,0.401,6.1,11.7,0.517,0.549,3.9,4.3,0.916,1.2,3.6,4.8,4.6,1.3,0.5,2.2,2.0,24.7,40000000.0
Gui Santos,22.0,GSW,PF,56.0,2.0,13.6,1.5,3.2,0.458,0.6,1.8,0.33,0.9,1.4,0.632,0.553,0.5,0.8,0.69,1.3,1.8,3.1,1.4,0.4,0.2,0.8,1.6,4.1,1891857.0
Cam Thomas,23.0,BRK,SG,25.0,23.0,31.2,8.0,18.2,0.438,2.7,7.8,0.349,5.2,10.4,0.506,0.513,5.3,6.0,0.881,0.6,2.7,3.3,3.8,0.6,0.1,2.5,1.8,24.0,4041249.0
Daniel Theis,32.0,NOP,C,38.0,9.0,16.3,1.6,3.4,0.473,0.2,1.0,0.243,1.4,2.4,0.565,0.508,0.8,1.0,0.838,1.2,3.2,4.3,1.6,0.5,0.5,0.7,1.8,4.3,2800834.0
Jared Butler,24.0,2TM,SG,120.0,34.0,17.7,3.4333333333333336,7.666666666666667,0.4523333333333333,1.0333333333333334,2.9,0.35766666666666663,2.4,4.733333333333333,0.5043333333333334,0.5156666666666667,1.2666666666666668,1.5,0.824,0.4000000000000001,1.4333333333333336,1.8666666666666665,3.733333333333334,0.7333333333333334,0.2333333333333333,1.3333333333333333,1.6333333333333335,9.133333333333333,1115697.0
CJ McCollum,33.0,NOP,PG,56.0,56.0,32.7,7.9,17.9,0.444,3.1,8.2,0.373,4.9,9.7,0.505,0.53,2.2,3.1,0.717,0.8,3.0,3.8,4.1,0.8,0.4,1.9,2.2,21.1,33333333.0
Yuki Kawamura,23.0,MEM,PG,22.0,0.0,4.2,0.5,1.4,0.367,0.3,1.0,0.304,0.2,0.3,0.571,0.483,0.3,0.4,0.778,0.0,0.5,0.5,0.9,0.1,0.0,0.2,0.4,1.6,578577.0
Spencer Dinwiddie,31.0,DAL,PG,79.0,30.0,27.0,3.6,8.6,0.416,1.4,4.1,0.334,2.2,4.5,0.492,0.496,2.5,3.1,0.802,0.2,2.4,2.6,4.4,0.9,0.2,1.3,1.5,11.0,3303771.0
Zach LaVine,29.0,2TM,SF,148.0,148.0,35.300000000000004,8.4,16.466666666666665,0.511,3.2000000000000006,7.233333333333333,0.446,5.2,9.233333333333333,0.5619999999999999,0.609,3.1666666666666665,3.7999999999999994,0.832,0.3,3.9,4.2,4.166666666666667,0.7666666666666667,0.16666666666666666,2.7999999999999994,1.6333333333333335,23.23333333333333,44531940.0
Jaden McDaniels,24.0,MIN,PF,82.0,82.0,31.9,4.9,10.2,0.477,1.2,3.7,0.33,3.6,6.5,0.561,0.537,1.3,1.6,0.813,1.6,4.2,5.7,2.0,1.3,0.9,1.2,2.7,12.2,23017242.0
Brandon Miller,22.0,CHO,SF,27.0,27.0,34.2,7.3,18.2,0.403,3.9,10.9,0.355,3.5,7.3,0.475,0.509,2.5,2.9,0.861,0.9,3.9,4.9,3.6,1.1,0.7,2.8,2.7,21.0,11424382.0
Jared McCain,20.0,PHI,SG,23.0,8.0,25.7,5.5,11.9,0.46,2.2,5.8,0.383,3.3,6.1,0.532,0.553,2.1,2.4,0.875,0.6,1.9,2.4,2.6,0.7,0.0,1.6,1.6,15.3,4020360.0
Garrison Mathews,28.0,ATL,SG,47.0,2.0,17.7,2.2,5.5,0.397,1.8,4.6,0.39,0.4,0.8,0.436,0.562,1.4,1.7,0.821,0.3,1.6,1.9,1.3,0.6,0.3,0.7,1.7,7.5,2230253.0
N'Faly Dante,23.0,HOU,C,4.0,0.0,12.8,2.5,3.3,0.769,0.0,0.0,,2.5,3.3,0.769,0.769,1.0,1.3,0.8,1.5,3.8,5.3,0.5,0.3,1.3,0.5,2.3,6.0,578577.0
Jaylen Brown,28.0,BOS,SF,63.0,63.0,34.3,8.2,17.7,0.463,1.8,5.7,0.324,6.4,12.1,0.529,0.515,3.9,5.1,0.764,1.3,4.5,5.8,4.5,1.2,0.3,2.6,2.4,22.2,49205800.0
Jordan Goodwin,26.0,LAL,PG,29.0,5.0,18.7,2.2,5.0,0.438,0.9,2.3,0.382,1.3,2.6,0.487,0.528,0.3,0.4,0.818,1.3,2.6,3.9,1.4,1.0,0.4,0.9,1.5,5.6,364102.0
Pat Connaughton,32.0,MIL,SG,41.0,1.0,14.7,2.0,4.3,0.469,0.6,2.0,0.321,1.4,2.3,0.594,0.542,0.6,0.8,0.774,0.5,2.2,2.7,1.7,0.2,0.3,0.6,1.1,5.3,9423869.0
Harrison Barnes,32.0,SAS,PF,82.0,82.0,27.2,4.2,8.3,0.508,1.9,4.4,0.433,2.3,3.9,0.591,0.622,2.0,2.4,0.809,1.2,2.6,3.8,1.7,0.5,0.2,0.6,0.9,12.3,18000000.0
Grayson Allen,29.0,PHO,SG,64.0,7.0,24.1,3.4,7.6,0.448,2.3,5.5,0.426,1.1,2.2,0.504,0.6,1.5,1.8,0.816,0.5,2.5,3.0,2.1,0.8,0.3,1.2,1.5,10.6,15625000.0
Aaron Nesmith,25.0,IND,SF,45.0,37.0,25.0,4.3,8.4,0.507,1.9,4.3,0.431,2.4,4.1,0.587,0.617,1.6,1.8,0.913,0.8,3.1,4.0,1.2,0.8,0.4,0.8,2.5,12.0,11000000.0
Eric Gordon,36.0,PHI,SG,39.0,13.0,19.7,2.2,5.2,0.426,1.4,3.5,0.409,0.8,1.7,0.463,0.564,0.9,1.2,0.75,0.2,1.0,1.2,1.7,0.7,0.3,0.7,0.8,6.8,3303771.0
Alex Len,31.0,2TM,C,92.0,14.0,9.233333333333333,0.7666666666666666,1.5666666666666667,0.5,0.03333333333333333,0.2333333333333333,0.24066666666666667,0.7333333333333333,1.3666666666666665,0.5433333333333333,0.5166666666666666,0.16666666666666666,0.4000000000000001,0.41966666666666663,0.9333333333333332,1.3666666666666665,2.3333333333333335,0.8000000000000002,0.16666666666666666,0.43333333333333335,0.5333333333333333,1.4333333333333336,1.7333333333333334,4480977.0
Taylor Hendricks,21.0,UTA,PF,3.0,3.0,25.0,1.3,6.0,0.222,1.0,4.0,0.25,0.3,2.0,0.167,0.306,1.0,1.3,0.75,1.7,3.3,5.0,0.7,1.7,1.3,0.7,2.7,4.7,5848366.0
Johnny Davis,22.0,WAS,SG,34.0,0.0,7.1,0.9,2.3,0.41,0.2,0.9,0.241,0.7,1.4,0.51,0.455,0.3,0.4,0.6,0.3,0.8,1.1,0.3,0.4,0.2,0.2,0.5,2.4,5291160.0
Dyson Daniels,21.0,ATL,SG,76.0,76.0,33.8,6.0,12.1,0.493,1.1,3.1,0.34,4.9,9.1,0.545,0.536,1.1,1.8,0.593,1.6,4.3,5.9,4.4,3.0,0.7,2.0,2.3,14.1,6059520.0
Terry Rozier,30.0,MIA,PG,64.0,23.0,25.9,3.9,9.9,0.391,1.4,4.8,0.295,2.5,5.1,0.48,0.462,1.4,1.7,0.852,0.7,3.0,3.7,2.6,0.6,0.2,1.2,1.1,10.6,24924126.0
Georges Niang,31.0,2TM,PF,158.0,6.0,21.7,3.733333333333333,8.1,0.45966666666666667,2.2,5.400000000000001,0.4063333333333334,1.5333333333333332,2.733333333333333,0.5623333333333332,0.594,0.6333333333333334,0.7666666666666666,0.793,0.6,2.766666666666667,3.3666666666666667,1.4333333333333336,0.3666666666666667,0.20000000000000004,1.0333333333333332,2.533333333333333,10.233333333333334,8500000.0
Elfrid Payton,30.0,2TM,PG,48.0,18.0,21.133333333333336,1.4333333333333333,4.733333333333333,0.27899999999999997,0.03333333333333333,0.19999999999999998,0.167,1.3666666666666665,4.533333333333333,0.28600000000000003,0.28200000000000003,0.13333333333333333,0.2333333333333333,0.571,0.5333333333333333,2.533333333333333,3.0666666666666664,6.1000000000000005,1.0,0.4666666666666666,2.2,1.5999999999999999,2.966666666666667,1099236.0
Keaton Wallace,25.0,ATL,PG,31.0,5.0,16.2,2.1,5.2,0.401,0.9,2.6,0.329,1.2,2.6,0.475,0.485,0.4,0.4,1.0,0.2,1.4,1.6,2.6,0.9,0.3,1.1,1.3,5.4,578577.0
Ja Morant,25.0,MEM,PG,50.0,50.0,30.4,8.1,17.8,0.454,1.8,5.7,0.309,6.3,12.1,0.523,0.504,5.3,6.4,0.824,0.7,3.4,4.1,7.3,1.2,0.2,3.7,2.3,23.2,36725670.0
Keldon Johnson,25.0,SAS,SF,77.0,0.0,23.9,4.8,10.0,0.482,1.1,3.6,0.318,3.7,6.4,0.573,0.538,1.9,2.5,0.773,1.5,3.4,4.8,1.6,0.6,0.3,1.0,1.5,12.7,19000000.0
Alex Reese,25.0,2TM,PF,30.0,0.0,10.566666666666666,1.5,2.7999999999999994,0.6509999999999999,0.7000000000000001,1.8666666666666665,0.366,0.7999999999999999,0.9333333333333332,0.8930000000000001,0.7443333333333334,0.39999999999999997,0.5666666666666668,0.75,0.7333333333333334,1.7333333333333334,2.4666666666666663,0.19999999999999998,0.4666666666666666,0.4666666666666666,0.26666666666666666,0.9666666666666667,4.133333333333333,250312.0
Jericho Sims,26.0,2TM,C,106.0,10.0,12.566666666666668,0.9,1.4333333333333333,0.641,0.0,0.0,,0.9,1.4333333333333333,0.641,0.641,0.13333333333333333,0.16666666666666666,0.615,1.3333333333333333,2.6,3.966666666666667,0.6666666666666666,0.16666666666666666,0.4333333333333333,0.6666666666666666,1.2666666666666666,1.9333333333333336,2092344.0
Kessler Edwards,24.0,DAL,SF,40.0,18.0,15.2,1.7,3.4,0.496,0.6,1.4,0.407,1.1,2.0,0.556,0.578,0.3,0.3,0.923,0.6,2.3,2.9,1.1,0.5,0.5,0.4,1.6,4.2,578577.0
Delon Wright,32.0,2TM,PG,80.0,14.0,15.966666666666667,1.1666666666666667,3.3333333333333335,0.36033333333333334,0.5333333333333333,1.8,0.28400000000000003,0.7000000000000001,1.5333333333333332,0.4446666666666667,0.43733333333333335,0.3666666666666667,0.6,0.61,0.7333333333333333,0.9333333333333335,1.6333333333333335,1.9333333333333336,0.9,0.26666666666666666,0.5666666666666668,0.6333333333333333,3.2999999999999994,3003427.0
Max Strus,28.0,CLE,SF,50.0,37.0,25.5,3.3,7.5,0.442,2.3,5.9,0.386,1.0,1.6,0.65,0.594,0.6,0.7,0.824,1.1,3.3,4.3,3.2,0.5,0.2,1.1,2.1,9.4,15212068.0
Justin Champagnie,23.0,WAS,SF,62.0,31.0,21.6,3.4,6.6,0.511,1.2,3.1,0.383,2.2,3.5,0.624,0.601,0.8,1.2,0.685,1.8,3.9,5.7,1.0,1.0,0.6,0.9,1.8,8.8,2224662.0
Stanley Umude,25.0,MIL,SG,22.0,0.0,3.9,0.2,1.2,0.192,0.1,0.7,0.2,0.1,0.5,0.182,0.25,0.1,0.2,0.5,0.2,0.6,0.8,0.2,0.1,0.3,0.1,0.4,0.7,578577.0
Adem Bona,21.0,PHI,C,58.0,11.0,15.6,2.3,3.3,0.703,0.0,0.0,0.0,2.3,3.3,0.707,0.703,1.2,1.7,0.67,1.6,2.6,4.2,0.5,0.4,1.2,1.1,2.2,5.8,1157153.0
Seth Curry,34.0,CHO,SG,68.0,14.0,15.6,2.4,5.0,0.478,1.2,2.7,0.456,1.2,2.4,0.503,0.599,0.5,0.6,0.846,0.4,1.3,1.7,0.9,0.4,0.1,0.5,0.9,6.5,3303771.0
Mac McClung,26.0,ORL,SG,2.0,0.0,5.0,0.0,1.0,0.0,0.0,0.5,0.0,0.0,0.5,0.0,0.0,0.0,0.0,,0.0,0.5,0.5,1.5,0.0,0.0,0.0,1.0,0.0,578577.0
LeBron James,40.0,LAL,SF,70.0,70.0,34.9,9.3,18.1,0.513,2.1,5.7,0.376,7.2,12.5,0.574,0.571,3.7,4.7,0.782,1.0,6.8,7.8,8.2,1.0,0.6,3.7,1.4,24.4,48728845.0
Dalen Terry,22.0,CHI,SG,73.0,5.0,13.5,1.6,3.7,0.448,0.5,1.4,0.356,1.1,2.2,0.506,0.517,0.7,0.9,0.71,0.5,1.2,1.7,1.3,0.6,0.2,0.7,1.6,4.5,3510480.0
Christian Braun,23.0,DEN,SG,79.0,77.0,33.9,6.0,10.4,0.58,1.1,2.8,0.397,4.9,7.6,0.648,0.634,2.2,2.7,0.827,1.2,3.9,5.2,2.6,1.1,0.5,1.0,2.2,15.4,3089640.0
Sandro Mamukelashvili,25.0,SAS,PF,61.0,0.0,11.2,2.3,4.6,0.502,1.0,2.6,0.373,1.3,2.0,0.675,0.609,0.7,1.0,0.741,1.0,2.0,3.1,0.8,0.4,0.3,0.4,1.0,6.3,2162606.0
Kristaps Porzingis,29.0,BOS,C,42.0,42.0,28.8,6.6,13.7,0.483,2.5,6.0,0.412,4.1,7.7,0.537,0.572,3.8,4.7,0.809,1.6,5.1,6.8,2.1,0.7,1.5,1.3,2.8,19.5,29268293.0
Jaylen Sims,26.0,CHO,SG,6.0,0.0,18.7,2.0,4.7,0.429,1.0,2.5,0.4,1.0,2.2,0.462,0.536,2.0,2.5,0.8,0.5,0.5,1.0,2.0,0.5,0.2,1.3,1.7,7.0,73153.0
Jalen Bridges,23.0,PHO,SF,8.0,0.0,3.8,0.3,0.9,0.286,0.3,0.9,0.286,0.0,0.0,,0.429,0.4,0.5,0.75,0.0,0.5,0.5,0.0,0.0,0.0,0.5,0.0,1.1,578577.0
Dillon Jones,23.0,OKC,SF,54.0,3.0,10.2,0.9,2.5,0.383,0.3,1.2,0.254,0.6,1.3,0.5,0.444,0.3,0.5,0.607,0.6,1.7,2.2,1.1,0.3,0.1,0.5,1.0,2.5,2622360.0
Bradley Beal,31.0,PHO,SG,53.0,38.0,32.1,6.5,13.1,0.497,1.9,5.0,0.386,4.6,8.1,0.565,0.571,2.1,2.6,0.803,0.6,2.7,3.3,3.7,1.1,0.5,1.9,2.6,17.0,50203930.0
Simone Fontecchio,29.0,DET,SF,75.0,0.0,16.5,2.0,5.0,0.402,1.0,3.0,0.335,1.0,1.9,0.507,0.504,0.9,1.1,0.833,0.7,2.2,2.9,0.9,0.4,0.2,0.7,1.3,5.9,7692308.0
Sam Merrill,28.0,CLE,SG,71.0,4.0,19.7,2.4,6.0,0.406,1.9,5.2,0.372,0.5,0.8,0.625,0.567,0.4,0.4,0.966,0.5,1.7,2.2,1.5,0.7,0.2,0.5,1.7,7.2,2164993.0
Corey Kispert,25.0,WAS,SF,61.0,0.0,26.3,4.2,9.3,0.451,2.0,5.4,0.364,2.2,3.9,0.574,0.558,1.2,1.4,0.852,0.6,2.4,3.0,1.7,0.4,0.2,1.0,1.6,11.6,5705887.0
Jalen Pickett,25.0,DEN,SG,49.0,4.0,13.6,1.6,3.7,0.428,0.8,2.1,0.396,0.8,1.6,0.468,0.539,0.1,0.2,0.75,0.3,1.1,1.4,2.2,0.4,0.1,0.5,0.8,4.1,1891857.0
Ousmane Dieng,21.0,OKC,C,37.0,1.0,10.9,1.5,3.4,0.432,0.6,1.9,0.324,0.8,1.5,0.574,0.524,0.3,0.4,0.688,0.5,1.7,2.2,0.8,0.5,0.2,0.5,0.9,3.8,5027040.0
Gradey Dick,21.0,TOR,SG,54.0,54.0,29.4,4.9,12.0,0.41,2.1,6.0,0.35,2.8,5.9,0.47,0.498,2.5,2.9,0.858,0.8,2.8,3.6,1.8,0.9,0.2,1.5,2.2,14.4,4763543.0
Jarrett Allen,26.0,CLE,C,82.0,82.0,28.0,5.5,7.8,0.706,0.0,0.1,0.0,5.5,7.7,0.712,0.706,2.4,3.4,0.718,2.6,7.1,9.7,1.9,0.9,0.9,1.2,1.5,13.5,20000000.0
Bilal Coulibaly,20.0,WAS,SF,59.0,59.0,33.0,4.5,10.6,0.421,1.1,3.8,0.281,3.4,6.8,0.5,0.472,2.3,3.1,0.746,1.5,3.4,5.0,3.4,1.3,0.7,2.1,2.4,12.3,6945240.0
Pascal Siakam,30.0,IND,PF,78.0,78.0,32.7,7.9,15.2,0.519,1.6,4.2,0.389,6.2,11.0,0.568,0.572,2.9,3.9,0.734,1.7,5.2,6.9,3.4,0.9,0.5,1.4,2.4,20.2,42176400.0
Obi Toppin,26.0,IND,PF,79.0,4.0,19.6,4.0,7.6,0.529,1.4,3.8,0.365,2.6,3.8,0.695,0.621,1.1,1.4,0.781,0.7,3.3,4.0,1.6,0.6,0.4,0.9,1.4,10.5,12975000.0
Bam Adebayo,27.0,MIA,C,78.0,78.0,34.3,6.9,14.3,0.485,1.0,2.8,0.357,5.9,11.4,0.517,0.521,3.2,4.2,0.765,2.4,7.2,9.6,4.3,1.3,0.7,2.1,2.1,18.1,34848340.0
Trey Jemison,25.0,2TM,C,76.0,0.0,10.333333333333334,1.0666666666666667,1.9333333333333333,0.5473333333333333,0.0,0.0,,1.0666666666666667,1.9333333333333333,0.5473333333333333,0.5473333333333333,0.3333333333333333,0.9,0.3973333333333333,1.2,1.5999999999999999,2.7999999999999994,0.43333333333333335,0.23333333333333336,0.4000000000000001,0.6,1.8,2.5,864902.0
Dejounte Murray,28.0,NOP,PG,31.0,31.0,32.6,6.3,15.9,0.393,1.7,5.6,0.299,4.6,10.3,0.444,0.445,3.3,4.0,0.823,0.5,5.9,6.5,7.4,2.0,0.4,3.4,2.0,17.5,29517134.0
Bones Hyland,24.0,2TM,PG,48.0,0.0,8.466666666666667,1.5999999999999999,3.8333333333333335,0.48533333333333334,1.0666666666666667,2.6333333333333333,0.426,0.5333333333333333,1.2,0.6056666666666667,0.631,0.7333333333333334,0.8000000000000002,0.885,0.16666666666666666,0.7000000000000001,0.8333333333333334,1.2333333333333334,0.5666666666666668,0.13333333333333333,0.8333333333333334,1.0999999999999999,4.9,4306427.0
Gabe Vincent,28.0,LAL,PG,72.0,11.0,21.2,2.3,5.8,0.4,1.5,4.3,0.353,0.8,1.5,0.532,0.53,0.2,0.3,0.714,0.3,1.0,1.3,1.4,0.7,0.2,0.6,2.1,6.4,11000000.0
D'Angelo Russell,28.0,2TM,PG,116.0,72.0,25.5,4.266666666666667,11.0,0.39066666666666666,1.9333333333333333,6.2,0.31466666666666665,2.3333333333333335,4.8,0.48866666666666664,0.47933333333333333,2.1,2.5,0.8363333333333333,0.3333333333333333,2.4333333333333336,2.7999999999999994,5.133333333333334,0.9666666666666668,0.39999999999999997,1.8666666666666665,1.9666666666666668,12.633333333333333,18692307.0
Jaylen Martin,21.0,2TM,SF,32.0,0.0,11.533333333333333,1.5,3.6,0.44533333333333336,0.39999999999999997,1.1333333333333333,0.5256666666666666,1.0999999999999999,2.433333333333333,0.317,0.5579999999999999,0.4333333333333333,0.4666666666666666,0.9,0.5,1.5333333333333332,2.0666666666666664,0.8000000000000002,0.4333333333333333,0.0,0.5666666666666668,0.7333333333333334,3.9,384594.0
Cam Christie,19.0,LAC,SG,13.0,0.0,4.5,0.5,1.8,0.292,0.2,1.0,0.154,0.4,0.8,0.455,0.333,0.2,0.3,0.5,0.2,0.7,0.9,0.5,0.4,0.1,0.2,0.3,1.4,1157153.0
Derrick White,30.0,BOS,SG,76.0,76.0,33.9,5.6,12.6,0.442,3.5,9.1,0.384,2.1,3.5,0.593,0.58,1.8,2.1,0.839,0.9,3.6,4.5,4.8,0.9,1.1,1.7,1.8,16.4,20071429.0
Devin Booker,28.0,PHO,SG,75.0,75.0,37.3,8.7,18.9,0.461,2.4,7.3,0.332,6.3,11.6,0.542,0.525,5.8,6.4,0.894,1.0,3.1,4.1,7.1,0.9,0.2,2.9,2.6,25.6,49205800.0
Alperen Sengun,22.0,HOU,C,76.0,76.0,31.5,7.5,15.0,0.496,0.3,1.2,0.233,7.2,13.9,0.519,0.505,3.9,5.6,0.692,3.4,6.9,10.3,4.9,1.1,0.8,2.6,2.8,19.1,5424654.0
Kyle Filipowski,21.0,UTA,C,72.0,27.0,21.1,3.6,7.2,0.502,1.1,3.1,0.35,2.5,4.1,0.614,0.576,1.3,2.0,0.65,1.6,4.6,6.1,1.9,0.7,0.3,1.4,2.4,9.6,3000000.0
Markelle Fultz,26.0,SAC,PG,21.0,0.0,8.8,1.3,3.2,0.418,0.2,0.4,0.5,1.1,2.8,0.407,0.448,0.0,0.0,1.0,0.3,0.7,1.0,1.3,0.5,0.1,0.7,0.6,2.9,981902.0
Malachi Flynn,26.0,CHO,PG,4.0,0.0,11.0,1.3,3.3,0.385,0.3,1.0,0.25,1.0,2.3,0.444,0.423,1.3,1.5,0.833,0.8,1.0,1.8,1.8,0.8,0.0,1.0,1.0,4.0,128603.0
Luka Doncic,25.0,2TM,PG,100.0,100.0,35.4,9.266666666666667,20.566666666666666,0.4506666666666667,3.5,9.6,0.367,5.733333333333334,10.933333333333332,0.5233333333333333,0.5366666666666667,6.1000000000000005,7.8,0.7799999999999999,0.7999999999999999,7.3999999999999995,8.200000000000001,7.666666666666667,1.8,0.4000000000000001,3.5666666666666664,2.5,28.166666666666668,43031940.0
Liam Robbins,25.0,MIL,C,13.0,0.0,4.4,0.2,0.6,0.25,0.0,0.2,0.0,0.2,0.5,0.333,0.25,0.4,0.8,0.5,0.5,0.4,0.9,0.2,0.2,0.2,0.5,0.7,0.7,578577.0
Jazian Gortman,21.0,DAL,PG,16.0,0.0,3.6,0.6,1.4,0.391,0.3,0.7,0.364,0.3,0.8,0.417,0.478,0.1,0.3,0.5,0.1,0.3,0.3,0.4,0.1,0.1,0.3,0.6,1.5,578577.0
Micah Potter,26.0,UTA,C,38.0,10.0,18.6,1.5,3.6,0.422,0.8,2.6,0.316,0.7,1.0,0.703,0.537,0.4,0.5,0.85,1.1,3.2,4.3,0.8,0.4,0.4,0.8,1.3,4.3,578577.0
Deni Avdija,24.0,POR,SF,72.0,54.0,30.0,5.6,11.7,0.476,1.7,4.8,0.365,3.8,7.0,0.552,0.55,4.0,5.2,0.78,1.5,5.7,7.3,3.9,1.0,0.5,2.7,2.4,16.9,15625000.0
Kylor Kelley,27.0,2TM,C,22.0,4.0,13.199999999999998,1.3,2.1999999999999997,0.6163333333333333,0.0,0.0,,1.3,2.1999999999999997,0.6163333333333333,0.6163333333333333,0.5666666666666667,1.0,0.589,1.1333333333333335,2.9333333333333336,4.033333333333333,0.6,0.13333333333333333,0.3,0.5,1.5666666666666664,3.133333333333333,324090.0
Cameron Payne,30.0,NYK,PG,72.0,5.0,15.1,2.5,6.2,0.401,1.3,3.6,0.363,1.2,2.6,0.453,0.506,0.7,0.8,0.907,0.2,1.3,1.4,2.8,0.5,0.2,0.7,1.5,6.9,3003427.0
Anthony Gill,32.0,WAS,PF,51.0,0.0,7.8,0.8,1.7,0.489,0.2,0.6,0.323,0.6,1.1,0.579,0.545,0.6,1.0,0.66,0.4,0.9,1.3,0.3,0.2,0.0,0.2,0.6,2.5,2237691.0
Cason Wallace,21.0,OKC,SG,68.0,43.0,27.6,3.4,7.2,0.474,1.1,3.1,0.356,2.3,4.1,0.562,0.55,0.4,0.5,0.811,1.0,2.3,3.4,2.5,1.8,0.5,0.9,2.1,8.4,5555920.0
Brandin Podziemski,21.0,GSW,SG,64.0,33.0,26.8,4.4,9.8,0.445,1.8,4.8,0.372,2.6,5.0,0.516,0.537,1.1,1.5,0.758,1.0,4.1,5.1,3.4,1.1,0.2,1.2,1.5,11.7,3519960.0
LaMelo Ball,23.0,CHO,PG,47.0,47.0,32.0,8.6,21.3,0.405,3.8,11.2,0.339,4.8,10.1,0.478,0.494,4.1,4.9,0.843,1.0,3.9,4.9,7.4,1.1,0.3,3.6,3.3,25.2,35147000.0
Trey Lyles,29.0,SAC,PF,69.0,5.0,19.6,2.3,5.4,0.42,1.2,3.4,0.34,1.1,2.0,0.559,0.528,0.8,1.2,0.7,1.2,3.4,4.6,1.2,0.6,0.3,0.6,1.2,6.5,8000000.0
Quentin Grimes,24.0,2TM,SG,150.0,74.0,27.76666666666667,5.466666666666666,11.733333333333334,0.4663333333333333,2.266666666666667,5.933333333333333,0.38533333333333336,3.233333333333333,5.8,0.5513333333333335,0.5656666666666667,2.3666666666666667,3.133333333333333,0.758,0.7999999999999999,3.6,4.433333333333334,3.1999999999999997,1.0666666666666667,0.3,2.033333333333333,1.8666666666666665,15.566666666666665,4296682.0
Isaiah Crawford,23.0,SAC,SF,15.0,0.0,3.1,0.3,0.7,0.455,0.1,0.3,0.2,0.3,0.4,0.667,0.5,0.1,0.3,0.5,0.1,0.5,0.5,0.1,0.1,0.1,0.1,0.1,0.9,578577.0
Gary Payton II,32.0,GSW,SG,62.0,11.0,15.0,2.8,4.8,0.574,0.5,1.5,0.326,2.3,3.3,0.69,0.626,0.4,0.6,0.711,0.9,2.1,3.0,1.3,0.8,0.3,0.6,1.7,6.5,9130000.0
Deandre Ayton,26.0,POR,C,40.0,40.0,30.2,6.6,11.7,0.566,0.2,0.8,0.188,6.5,10.9,0.594,0.573,1.0,1.5,0.667,3.1,7.1,10.2,1.6,0.8,1.0,1.7,2.2,14.4,34005126.0
Dwight Powell,33.0,DAL,C,55.0,3.0,10.0,0.8,1.1,0.689,0.0,0.1,0.4,0.7,1.0,0.714,0.705,0.5,0.8,0.651,0.9,1.3,2.1,1.0,0.3,0.4,0.3,1.4,2.1,4000000.0
Jeremy Sochan,21.0,SAS,PF,54.0,23.0,25.3,4.6,8.7,0.535,0.5,1.7,0.308,4.1,7.0,0.59,0.565,1.6,2.3,0.696,2.4,4.2,6.5,2.4,0.8,0.5,1.6,2.4,11.4,5570040.0
Richaun Holmes,31.0,WAS,PF,31.0,7.0,17.2,2.9,4.5,0.647,0.0,0.1,0.0,2.9,4.4,0.662,0.647,1.6,1.9,0.833,2.0,3.7,5.7,1.4,0.3,0.7,0.7,1.6,7.4,12648321.0
Brandon Ingram,27.0,NOP,SF,18.0,18.0,33.1,8.6,18.5,0.465,2.4,6.4,0.374,6.2,12.1,0.514,0.53,2.6,3.1,0.855,0.9,4.6,5.6,5.2,0.9,0.6,3.8,2.5,22.2,36016200.0
Royce O'Neale,31.0,PHO,SF,75.0,22.0,24.5,3.2,7.6,0.423,2.4,5.9,0.406,0.8,1.7,0.481,0.58,0.3,0.3,0.731,0.7,3.9,4.7,2.2,0.9,0.5,0.9,2.0,9.1,9375000.0
Zaccharie Risacher,19.0,ATL,SF,75.0,73.0,24.6,4.8,10.4,0.458,1.6,4.6,0.355,3.1,5.8,0.54,0.537,1.4,2.0,0.711,1.1,2.4,3.6,1.2,0.7,0.5,1.2,2.0,12.6,12569040.0
James Wiseman,23.0,IND,C,1.0,0.0,5.0,2.0,4.0,0.5,0.0,1.0,0.0,2.0,3.0,0.667,0.5,2.0,2.0,1.0,0.0,1.0,1.0,0.0,0.0,0.0,0.0,0.0,6.0,2237691.0
Doug McDermott,33.0,SAC,SF,42.0,3.0,8.1,1.2,2.8,0.427,1.0,2.4,0.436,0.1,0.4,0.375,0.615,0.1,0.1,0.6,0.1,0.5,0.5,0.2,0.1,0.0,0.1,0.7,3.5,3303771.0
Donovan Clingan,20.0,POR,C,67.0,37.0,19.8,2.7,5.0,0.539,0.2,0.7,0.286,2.5,4.3,0.582,0.56,0.9,1.6,0.596,3.2,4.6,7.9,1.1,0.5,1.6,1.1,2.8,6.5,6836400.0
Tobias Harris,32.0,DET,PF,73.0,73.0,31.6,5.3,11.0,0.477,1.2,3.6,0.345,4.0,7.4,0.542,0.534,2.0,2.3,0.861,0.9,5.0,5.9,2.2,1.0,0.8,1.2,1.9,13.7,25365854.0
Nikola Jovic,21.0,MIA,PF,46.0,10.0,25.1,3.7,8.2,0.456,1.7,4.6,0.371,2.0,3.6,0.563,0.56,1.6,1.9,0.828,0.6,3.3,3.9,2.8,0.8,0.3,1.3,1.8,10.7,2464200.0
Paul George,34.0,PHI,PF,41.0,41.0,32.5,6.0,13.9,0.43,2.3,6.5,0.358,3.6,7.4,0.493,0.514,1.9,2.4,0.814,0.6,4.8,5.3,4.3,1.8,0.5,2.6,2.5,16.2,49205800.0
Lamar Stevens,27.0,MEM,PF,17.0,1.0,9.1,1.7,3.7,0.46,0.5,1.6,0.296,1.2,2.1,0.583,0.524,0.5,0.6,0.727,0.2,2.0,2.2,0.5,0.3,0.2,0.6,0.9,4.4,668735.0
Maxwell Lewis,22.0,2TM,SF,56.0,2.0,10.0,1.3,3.233333333333333,0.39066666666666666,0.5333333333333333,1.4000000000000001,0.38,0.7666666666666666,1.8333333333333333,0.4143333333333334,0.45100000000000007,0.19999999999999998,0.3,0.7,0.5666666666666667,1.0333333333333334,1.5999999999999999,0.6,0.26666666666666666,0.19999999999999998,0.4666666666666666,0.8000000000000002,3.3333333333333335,1891857.0
Bruce Brown,28.0,2TM,PG,82.0,24.0,22.266666666666666,3.2000000000000006,7.5,0.422,0.6666666666666666,2.0,0.33166666666666667,2.533333333333333,5.566666666666666,0.455,0.4653333333333334,1.3,1.6000000000000003,0.8206666666666665,0.9666666666666667,3.0,4.0,2.0,0.8000000000000002,0.2333333333333333,1.0,1.7,8.3,23000000.0
Spencer Jones,23.0,DEN,SF,20.0,0.0,6.3,0.6,1.7,0.324,0.1,0.9,0.059,0.5,0.9,0.588,0.338,0.2,0.2,1.0,0.4,0.5,0.9,0.3,0.3,0.3,0.3,0.9,1.3,578577.0
Jonas Valanciunas,32.0,2TM,C,162.0,42.0,18.6,4.2,7.566666666666667,0.551,0.06666666666666667,0.46666666666666673,0.19166666666666665,4.1000000000000005,7.166666666666667,0.5723333333333332,0.5573333333333333,1.7666666666666668,2.0,0.874,2.3,5.333333333333333,7.633333333333333,2.0,0.4666666666666666,0.6,1.4333333333333333,2.266666666666667,10.2,9900000.0
Dillon Brooks,29.0,HOU,SF,75.0,75.0,31.8,5.1,11.9,0.429,2.5,6.3,0.397,2.6,5.7,0.465,0.533,1.3,1.6,0.818,1.0,2.7,3.7,1.7,0.8,0.2,1.0,3.2,14.0,23255493.0
Yves Missi,20.0,NOP,C,73.0,67.0,26.8,3.7,6.7,0.547,0.0,0.0,0.0,3.7,6.7,0.548,0.547,1.7,2.8,0.623,3.5,4.7,8.2,1.4,0.5,1.3,1.1,2.0,9.1,3193200.0
Jack McVeigh,28.0,HOU,PF,9.0,0.0,4.8,0.6,1.9,0.294,0.4,1.4,0.308,0.1,0.4,0.25,0.412,0.0,0.0,,0.2,0.3,0.6,0.1,0.0,0.2,0.2,0.3,1.6,578577.0
Naz Reid,25.0,MIN,C,80.0,17.0,27.5,5.3,11.5,0.462,2.2,5.8,0.379,3.1,5.8,0.544,0.556,1.4,1.8,0.776,1.2,4.9,6.0,2.3,0.7,0.9,1.4,2.4,14.2,13986432.0
Jalen Duren,21.0,DET,C,78.0,78.0,26.1,4.8,7.0,0.692,0.0,0.0,,4.8,7.0,0.692,0.692,2.1,3.1,0.669,3.6,6.8,10.3,2.7,0.7,1.1,1.7,3.2,11.8,4536840.0
Charles Bassey,24.0,SAS,C,36.0,1.0,10.4,1.9,3.3,0.581,0.0,0.0,,1.9,3.3,0.581,0.581,0.6,0.9,0.636,1.6,2.7,4.2,0.5,0.4,0.8,0.6,1.4,4.4,2162606.0
Guerschon Yabusele,29.0,PHI,C,70.0,43.0,27.1,4.0,8.0,0.501,1.5,3.9,0.38,2.5,4.1,0.616,0.593,1.4,2.0,0.725,1.9,3.7,5.6,2.1,0.8,0.3,1.2,2.3,11.0,2087519.0
Luguentz Dort,25.0,OKC,SF,71.0,71.0,29.2,3.6,8.4,0.435,2.4,5.8,0.412,1.2,2.5,0.489,0.578,0.5,0.6,0.717,1.3,2.9,4.1,1.6,1.1,0.5,0.7,2.9,10.1,16500000.0
Javonte Green,31.0,2TM,SG,136.0,38.0,16.5,1.7,4.066666666666666,0.41333333333333333,0.6333333333333333,2.0333333333333337,0.30666666666666664,1.0333333333333332,2.0333333333333337,0.5203333333333333,0.4896666666666667,0.7000000000000001,1.0000000000000002,0.6606666666666666,0.8333333333333334,2.2,3.0,0.7666666666666667,0.9,0.4000000000000001,0.43333333333333335,1.3666666666666665,4.733333333333333,2425403.0
Anton Watson,24.0,NYK,SF,9.0,0.0,2.4,0.4,1.0,0.444,0.0,0.1,0.0,0.4,0.9,0.5,0.444,0.0,0.0,,0.1,0.2,0.3,0.2,0.1,0.0,0.2,0.3,0.9,578577.0
Luke Kennard,28.0,MEM,SG,65.0,11.0,22.6,3.2,6.6,0.478,1.7,4.0,0.433,1.4,2.6,0.547,0.609,0.8,0.9,0.895,0.6,2.2,2.8,3.3,0.8,0.1,1.1,0.9,8.9,9250000.0
Miles Bridges,26.0,CHO,PF,64.0,64.0,31.7,7.3,17.0,0.431,2.2,7.0,0.313,5.1,10.0,0.513,0.495,3.5,4.0,0.87,1.1,6.4,7.5,3.9,0.7,0.7,2.1,1.5,20.3,27173913.0
Caris LeVert,30.0,2TM,SG,128.0,6.0,25.100000000000005,4.533333333333333,9.6,0.4673333333333334,1.7,4.5,0.37200000000000005,2.8333333333333335,5.033333333333334,0.5506666666666667,0.556,1.7333333333333334,2.4666666666666663,0.7103333333333333,0.6333333333333333,2.566666666666667,3.233333333333333,3.3333333333333335,0.9,0.5,1.1666666666666667,1.5999999999999999,12.399999999999999,16615384.0
Austin Reaves,26.0,LAL,SG,73.0,73.0,34.9,6.5,14.2,0.46,2.7,7.3,0.377,3.8,6.9,0.547,0.556,4.4,5.0,0.877,0.8,3.7,4.5,5.8,1.1,0.3,2.4,2.1,20.2,12976362.0
Landry Shamet,27.0,NYK,SG,50.0,0.0,15.2,2.1,4.6,0.461,1.2,3.1,0.397,0.9,1.5,0.595,0.596,0.2,0.4,0.667,0.2,1.0,1.2,0.5,0.5,0.0,0.4,1.0,5.7,1682008.0
Mo Bamba,26.0,2TM,C,64.0,4.0,13.6,1.4333333333333333,3.1666666666666665,0.458,0.3333333333333333,1.5,0.19266666666666668,1.1333333333333333,1.6666666666666667,0.6869999999999999,0.5046666666666667,0.5666666666666667,0.7333333333333334,0.7946666666666666,1.1333333333333333,3.9,5.033333333333334,0.5666666666666667,0.19999999999999998,0.9333333333333332,0.5333333333333333,1.8,3.7999999999999994,2763299.0
Cory Joseph,33.0,ORL,PG,50.0,16.0,12.2,1.2,3.1,0.403,0.8,2.1,0.364,0.5,0.9,0.489,0.529,0.3,0.4,0.778,0.3,1.1,1.5,1.4,0.5,0.1,0.4,1.0,3.5,3303771.0
Julius Randle,30.0,MIN,PF,69.0,69.0,32.3,6.6,13.6,0.485,1.6,4.6,0.344,5.0,9.1,0.555,0.542,3.9,4.9,0.806,2.1,5.0,7.1,4.7,0.7,0.2,2.8,2.5,18.7,31695840.0
Josh Okogie,26.0,2TM,SG,80.0,14.0,15.966666666666669,2.3666666666666667,5.466666666666666,0.4406666666666667,0.8333333333333334,2.433333333333333,0.3496666666666666,1.5666666666666667,3.0333333333333337,0.5103333333333333,0.5163333333333333,1.7333333333333334,2.3000000000000003,0.7343333333333333,1.1,1.7333333333333332,2.7999999999999994,0.9,1.2666666666666666,0.4666666666666666,0.7999999999999999,1.2,7.333333333333333,8250000.0
Naji Marshall,27.0,DAL,SF,69.0,31.0,27.8,5.2,10.3,0.508,0.9,3.2,0.275,4.4,7.2,0.611,0.551,1.9,2.3,0.813,1.1,3.7,4.8,3.0,1.0,0.2,1.6,1.6,13.2,8571429.0
Jonathan Mogbo,23.0,TOR,PF,63.0,18.0,20.4,2.5,5.7,0.438,0.3,1.1,0.243,2.2,4.5,0.486,0.462,1.0,1.3,0.732,1.7,3.2,4.9,2.3,0.9,0.5,1.1,2.2,6.2,1862265.0
Jalen Suggs,23.0,ORL,PG,35.0,35.0,28.6,5.6,13.7,0.41,2.2,6.9,0.314,3.5,6.8,0.506,0.489,2.8,3.1,0.882,0.7,3.4,4.0,3.7,1.5,0.9,2.9,2.8,16.2,9188385.0
Taze Moore,26.0,POR,SG,2.0,0.0,10.0,1.0,5.0,0.2,0.5,2.0,0.25,0.5,3.0,0.167,0.25,0.5,1.0,0.5,2.0,2.0,4.0,0.5,1.0,0.0,1.0,0.0,3.0,578577.0
Payton Pritchard,27.0,BOS,PG,80.0,3.0,28.4,5.1,10.8,0.472,3.2,7.8,0.407,1.9,3.0,0.642,0.62,0.9,1.1,0.845,1.3,2.6,3.8,3.5,0.9,0.2,1.0,1.5,14.3,6696429.0
Caleb Houstan,22.0,ORL,SF,58.0,6.0,13.6,1.4,3.3,0.421,1.1,2.8,0.4,0.3,0.5,0.533,0.589,0.3,0.3,0.882,0.3,1.0,1.3,0.6,0.4,0.1,0.2,1.1,4.1,2019699.0
John Collins,27.0,UTA,PF,40.0,31.0,30.5,7.0,13.3,0.527,1.5,3.7,0.399,5.5,9.6,0.577,0.583,3.5,4.1,0.848,2.2,6.0,8.2,2.0,1.0,1.0,2.6,2.9,19.0,26580000.0
Kris Murray,24.0,POR,SF,69.0,6.0,15.1,1.7,4.0,0.419,0.4,1.7,0.225,1.3,2.3,0.566,0.468,0.4,0.8,0.456,1.1,1.5,2.6,1.0,0.5,0.2,0.6,1.0,4.2,2990040.0
Tari Eason,23.0,HOU,PF,57.0,16.0,24.9,4.8,9.8,0.487,1.1,3.2,0.342,3.7,6.6,0.557,0.543,1.4,1.8,0.76,2.2,4.1,6.4,1.5,1.7,0.9,1.1,2.4,12.0,3695160.0
Miles Norris,24.0,BOS,PF,3.0,0.0,11.7,0.7,3.0,0.222,0.7,2.3,0.286,0.0,0.7,0.0,0.333,0.3,0.7,0.5,0.7,2.3,3.0,0.0,0.7,0.3,0.0,0.0,2.3,131903.0
Trentyn Flowers,19.0,LAC,SF,6.0,0.0,4.5,0.7,1.8,0.364,0.0,0.3,0.0,0.7,1.5,0.444,0.364,0.5,0.5,1.0,0.2,0.5,0.7,0.0,0.0,0.0,0.2,0.7,1.8,578577.0
Pacome Dadiet,19.0,NYK,SG,18.0,0.0,6.2,0.6,1.7,0.323,0.3,1.1,0.316,0.2,0.7,0.333,0.419,0.2,0.3,0.667,0.2,0.8,1.0,0.3,0.2,0.1,0.2,0.4,1.7,1808080.0
Dru Smith,27.0,MIA,SG,14.0,1.0,19.1,2.2,4.4,0.508,1.1,2.1,0.533,1.1,2.2,0.484,0.639,0.6,0.9,0.75,0.9,1.7,2.6,1.6,1.5,0.4,1.2,2.1,6.2,578577.0
Jaden Ivey,22.0,DET,SG,30.0,30.0,29.9,6.3,13.8,0.46,2.1,5.1,0.409,4.2,8.6,0.49,0.536,2.8,3.9,0.733,1.3,2.8,4.1,4.0,0.9,0.4,3.0,2.2,17.6,7977240.0
Jordan Hawkins,22.0,NOP,SG,56.0,9.0,23.6,3.7,9.9,0.372,2.0,5.9,0.331,1.7,4.0,0.433,0.471,1.4,1.8,0.816,0.4,2.4,2.8,1.2,0.5,0.4,1.0,0.9,10.8,4525706.0
Ulrich Chomche,19.0,TOR,PF,7.0,0.0,4.6,0.3,0.7,0.4,0.0,0.0,,0.3,0.7,0.4,0.4,0.1,0.3,0.5,0.6,0.6,1.1,0.3,0.0,0.1,0.3,0.7,0.7,578577.0
Donovan Mitchell,28.0,CLE,SG,71.0,71.0,31.4,8.2,18.6,0.443,3.3,8.9,0.368,5.0,9.7,0.512,0.531,4.2,5.1,0.823,0.8,3.7,4.5,5.0,1.3,0.2,2.1,2.0,24.0,35410310.0
Dorian Finney-Smith,31.0,2TM,PF,126.0,80.0,28.900000000000002,3.2000000000000006,7.1000000000000005,0.44966666666666666,2.1,5.066666666666666,0.4146666666666667,1.0666666666666667,2.033333333333333,0.542,0.5983333333333333,0.5333333333333333,0.7999999999999999,0.6686666666666667,1.3333333333333333,2.733333333333333,4.033333333333333,1.4666666666666668,0.9,0.43333333333333335,0.9,2.266666666666667,9.0,14924167.0
JT Thor,22.0,2TM,PF,40.0,0.0,12.0,1.2666666666666666,2.9,0.4626666666666666,0.3,1.0666666666666667,0.32866666666666666,0.9666666666666667,1.8333333333333333,0.5383333333333333,0.5243333333333333,0.7666666666666666,1.0999999999999999,0.7093333333333334,0.9333333333333332,1.3333333333333333,2.3,0.3,0.3666666666666667,0.43333333333333335,0.5,0.8666666666666667,3.533333333333333,578577.0
Tolu Smith,24.0,DET,PF,1.0,0.0,22.0,6.0,9.0,0.667,0.0,0.0,,6.0,9.0,0.667,0.667,2.0,3.0,0.667,4.0,4.0,8.0,0.0,0.0,0.0,2.0,3.0,14.0,315280.0
PJ Hall,22.0,DEN,C,19.0,0.0,3.5,0.7,1.3,0.583,0.1,0.4,0.25,0.6,0.8,0.75,0.625,0.2,0.2,0.75,0.3,0.8,1.2,0.2,0.0,0.2,0.1,0.6,1.7,578577.0
Jahmir Young,24.0,CHI,PG,6.0,0.0,5.0,0.7,0.8,0.8,0.2,0.3,0.5,0.5,0.5,1.0,0.9,0.3,0.3,1.0,0.2,0.3,0.5,1.0,0.0,0.0,0.2,0.3,1.8,173725.0
Drew Eubanks,27.0,2TM,C,122.0,8.0,11.666666666666666,1.8,3.033333333333333,0.5836666666666667,0.03333333333333333,0.06666666666666667,0.3666666666666667,1.7333333333333332,2.966666666666667,0.5886666666666666,0.5896666666666667,0.7666666666666666,1.1,0.6933333333333334,0.9666666666666668,2.6,3.533333333333333,0.8333333333333334,0.19999999999999998,0.6,0.6333333333333333,0.9666666666666668,4.366666666666666,5000000.0
Jordan McLaughlin,28.0,2TM,PG,92.0,0.0,6.833333333333333,0.6999999999999998,1.6000000000000003,0.44366666666666665,0.43333333333333335,1.0,0.416,0.26666666666666666,0.5333333333333333,0.515,0.5786666666666667,0.3666666666666667,0.46666666666666673,0.8203333333333332,0.10000000000000002,0.5,0.6666666666666666,1.1666666666666667,0.3333333333333333,0.03333333333333333,0.3333333333333333,0.39999999999999997,2.1666666666666665,2425403.0
Jakob Poeltl,29.0,TOR,C,57.0,56.0,29.6,6.4,10.2,0.627,0.0,0.1,0.333,6.4,10.1,0.628,0.628,1.7,2.5,0.674,3.3,6.3,9.6,2.8,1.2,1.2,1.9,3.1,14.5,19500000.0
Max Christie,21.0,2TM,SG,156.0,72.0,27.600000000000005,3.3000000000000003,7.766666666666666,0.42733333333333334,1.5,4.066666666666666,0.36599999999999994,1.8333333333333333,3.6333333333333333,0.49900000000000005,0.5253333333333333,1.7,1.9333333333333333,0.856,0.4666666666666666,2.9,3.4,1.9333333333333333,0.8333333333333334,0.39999999999999997,1.1333333333333335,1.4666666666666668,9.766666666666667,7142857.0
Karl-Anthony Towns,29.0,NYK,C,72.0,72.0,35.0,8.9,16.9,0.526,2.0,4.7,0.42,6.9,12.2,0.567,0.584,4.7,5.7,0.829,2.9,9.8,12.8,3.1,1.0,0.7,2.7,3.5,24.4,49205800.0
Keegan Murray,24.0,SAC,PF,76.0,76.0,34.3,4.8,10.8,0.444,2.0,5.9,0.343,2.8,4.9,0.566,0.538,0.8,0.9,0.833,1.9,4.8,6.7,1.4,0.8,0.9,0.8,2.4,12.4,8809560.0
DaQuan Jeffries,27.0,CHO,SG,47.0,20.0,22.8,2.5,6.2,0.405,1.2,3.5,0.335,1.3,2.7,0.496,0.5,0.5,0.6,0.8,0.8,2.1,2.9,1.1,0.6,0.5,0.7,2.1,6.7,2425403.0
Jeenathan Williams,25.0,HOU,SG,20.0,0.0,7.4,1.4,3.1,0.435,0.3,1.3,0.231,1.1,1.8,0.583,0.484,0.3,0.4,0.625,0.3,0.4,0.7,0.5,0.4,0.2,0.7,0.8,3.3,940543.0
Olivier-Maxence Prosper,22.0,DAL,PF,52.0,4.0,11.2,1.3,3.3,0.402,0.2,1.0,0.235,1.1,2.4,0.472,0.437,0.9,1.5,0.645,0.8,1.6,2.4,0.8,0.5,0.1,0.3,0.5,3.9,2870406.0
Jamaree Bouyea,25.0,MIL,PG,5.0,1.0,12.4,1.2,2.4,0.5,0.2,1.0,0.2,1.0,1.4,0.714,0.542,0.8,1.2,0.667,0.2,0.8,1.0,2.0,0.8,0.4,1.6,0.4,3.4,135120.0
Jalen McDaniels,27.0,WAS,SF,4.0,0.0,1.8,0.0,0.0,,0.0,0.0,,0.0,0.0,,,0.0,0.0,,0.0,0.0,0.0,0.3,0.3,0.0,0.0,0.0,0.0,4881191.0
Hunter Tyson,24.0,DEN,PF,51.0,2.0,7.8,0.9,2.4,0.375,0.5,1.5,0.311,0.4,0.9,0.478,0.471,0.4,0.5,0.75,0.5,1.0,1.5,0.4,0.2,0.1,0.3,0.9,2.6,1891857.0
Jalen Johnson,23.0,ATL,SF,36.0,36.0,35.7,7.5,15.1,0.5,1.2,3.9,0.312,6.3,11.1,0.566,0.541,2.6,3.5,0.746,1.7,8.3,10.0,5.0,1.6,1.0,2.9,1.9,18.9,4510905.0
Keshad Johnson,23.0,MIA,SF,16.0,0.0,6.1,1.1,1.6,0.692,0.2,0.4,0.429,0.9,1.2,0.789,0.75,0.3,0.6,0.444,0.4,1.4,1.8,0.3,0.3,0.3,0.3,0.7,2.7,937214.0
Matt Ryan,27.0,NYK,SF,19.0,0.0,3.6,0.5,1.6,0.323,0.3,1.0,0.316,0.2,0.6,0.333,0.419,0.1,0.1,1.0,0.0,0.4,0.4,0.2,0.1,0.0,0.2,0.1,1.5,978541.0
Kevin Durant,36.0,PHO,PF,62.0,62.0,36.5,9.5,18.1,0.527,2.6,6.0,0.43,7.0,12.1,0.574,0.598,4.9,5.8,0.839,0.4,5.7,6.0,4.2,0.8,1.2,3.1,1.7,26.6,51179020.0
Anfernee Simons,25.0,POR,SG,70.0,70.0,32.7,6.8,16.1,0.426,3.1,8.5,0.363,3.8,7.6,0.496,0.521,2.5,2.8,0.902,0.4,2.3,2.7,4.8,0.9,0.1,2.0,1.7,19.3,25892857.0
Stephon Castle,20.0,SAS,PG,81.0,47.0,26.7,5.2,12.2,0.428,1.2,4.1,0.285,4.0,8.1,0.501,0.476,3.1,4.2,0.724,1.1,2.6,3.7,4.1,0.9,0.3,2.2,2.0,14.7,9105120.0
Jamison Battle,23.0,TOR,SF,59.0,10.0,17.7,2.5,5.9,0.429,1.8,4.4,0.405,0.7,1.5,0.5,0.581,0.3,0.3,0.889,0.6,2.1,2.7,0.9,0.3,0.2,0.5,1.6,7.1,1350668.0
Jarace Walker,21.0,IND,PF,75.0,5.0,15.8,2.3,4.8,0.472,1.0,2.5,0.405,1.3,2.3,0.543,0.576,0.6,0.9,0.667,0.3,2.7,3.1,1.5,0.7,0.3,1.0,1.5,6.1,6362433.0
Kevin Love,36.0,MIA,PF,23.0,9.0,10.9,1.8,5.0,0.357,1.0,2.9,0.358,0.7,2.1,0.354,0.461,0.7,1.0,0.696,1.0,3.1,4.1,1.0,0.7,0.2,0.6,0.9,5.3,3850000.0
Jonathan Isaac,27.0,ORL,PF,71.0,1.0,15.4,1.9,4.6,0.414,0.5,2.1,0.258,1.3,2.4,0.549,0.474,1.0,1.5,0.682,1.7,2.7,4.4,0.6,0.9,1.1,0.5,1.3,5.4,27600000.0
Kenrich Williams,30.0,OKC,PF,69.0,7.0,16.4,2.5,5.1,0.483,1.0,2.5,0.386,1.5,2.7,0.574,0.576,0.4,0.6,0.718,0.9,2.6,3.5,1.4,0.6,0.1,0.6,1.6,6.3,6669000.0
Enrique Freeman,24.0,IND,PF,22.0,1.0,8.2,0.7,1.7,0.432,0.0,0.5,0.1,0.7,1.2,0.556,0.446,0.6,0.9,0.684,0.5,0.9,1.4,0.4,0.1,0.1,0.3,1.0,2.1,578577.0
Sam Hauser,27.0,BOS,PF,71.0,19.0,21.7,3.0,6.7,0.451,2.3,5.6,0.416,0.7,1.1,0.64,0.627,0.2,0.2,1.0,0.6,2.5,3.2,0.9,0.6,0.2,0.3,1.2,8.5,2092344.0
Precious Achiuwa,25.0,NYK,C,57.0,10.0,20.5,2.9,5.7,0.502,0.2,0.6,0.278,2.7,5.1,0.529,0.517,0.7,1.2,0.594,1.8,3.8,5.6,1.0,0.8,0.7,0.8,1.4,6.6,6000000.0
Julian Champagnie,23.0,SAS,SF,82.0,29.0,23.6,3.4,8.1,0.415,2.2,5.9,0.371,1.2,2.3,0.53,0.549,1.0,1.1,0.904,0.8,3.1,3.9,1.4,0.7,0.4,0.9,1.4,9.9,3000000.0
Taurean Prince,30.0,MIL,SF,80.0,73.0,27.1,2.9,6.4,0.457,1.8,4.2,0.439,1.1,2.2,0.492,0.6,0.5,0.6,0.813,0.4,3.2,3.6,1.9,1.0,0.2,1.0,2.1,8.2,2988550.0
Brandon Williams,25.0,DAL,PG,33.0,3.0,14.8,3.0,5.7,0.521,0.7,1.8,0.4,2.2,3.9,0.578,0.585,1.7,2.0,0.833,0.4,1.4,1.8,2.3,0.7,0.2,1.2,1.0,8.3,598120.0
Dalton Knecht,23.0,LAL,SF,78.0,16.0,19.2,3.3,7.1,0.461,1.6,4.4,0.376,1.7,2.8,0.594,0.576,0.8,1.1,0.762,0.5,2.3,2.8,0.8,0.3,0.1,0.5,1.2,9.1,3819120.0
Donte DiVincenzo,28.0,MIN,SG,62.0,10.0,25.9,4.0,9.6,0.422,2.8,7.1,0.397,1.2,2.5,0.49,0.568,0.8,1.0,0.778,0.5,3.2,3.7,3.6,1.2,0.3,1.6,1.8,11.7,11445000.0
Daishen Nix,22.0,MIN,PG,3.0,0.0,4.3,0.0,0.3,0.0,0.0,0.3,0.0,0.0,0.0,,0.0,0.3,0.7,0.5,0.0,1.3,1.3,1.0,0.0,0.0,1.3,0.3,0.3,362356.0
Peyton Watson,22.0,DEN,SF,68.0,18.0,24.4,3.0,6.3,0.477,0.7,2.0,0.353,2.3,4.3,0.534,0.533,1.4,2.0,0.693,0.7,2.7,3.4,1.4,0.7,1.4,0.8,1.8,8.1,2413560.0
Shaedon Sharpe,21.0,POR,SG,72.0,52.0,31.3,6.9,15.3,0.452,2.0,6.6,0.311,4.9,8.8,0.557,0.519,2.6,3.4,0.785,0.9,3.6,4.5,2.8,0.9,0.2,2.1,1.7,18.5,6614160.0
Rui Hachimura,26.0,LAL,PF,59.0,57.0,31.7,5.0,9.8,0.509,1.7,4.2,0.413,3.2,5.6,0.581,0.597,1.5,1.9,0.77,1.3,3.7,5.0,1.4,0.8,0.4,0.8,1.8,13.1,17000000.0
Gary Harris,30.0,ORL,SG,48.0,3.0,14.8,1.1,2.8,0.383,0.8,2.1,0.356,0.3,0.7,0.469,0.519,0.1,0.3,0.583,0.4,0.9,1.3,0.6,0.5,0.3,0.4,0.9,3.0,7500000.0
Onyeka Okongwu,24.0,ATL,C,74.0,40.0,27.9,5.2,9.2,0.567,0.6,2.0,0.324,4.6,7.2,0.634,0.602,2.2,2.9,0.759,3.0,5.9,8.9,2.3,0.9,0.9,1.2,2.6,13.4,14000000.0
Scoot Henderson,20.0,POR,PG,66.0,10.0,26.7,4.3,10.4,0.419,1.6,4.5,0.354,2.8,5.9,0.469,0.496,2.4,3.1,0.767,0.8,2.2,3.0,5.1,1.0,0.2,2.7,2.7,12.7,10259449.0
Tyson Etienne,25.0,BRK,PG,7.0,0.0,21.6,2.4,7.4,0.327,1.9,6.3,0.295,0.6,1.1,0.5,0.452,1.1,1.4,0.8,0.4,0.9,1.3,1.7,0.4,0.1,1.1,2.4,7.9,131903.0
Jacob Toppin,24.0,2TM,SF,34.0,0.0,11.533333333333333,2.2333333333333334,4.633333333333334,0.403,1.7666666666666666,2.9,0.375,0.4666666666666666,1.7333333333333334,0.3193333333333333,0.5103333333333333,0.0,0.0,,0.43333333333333335,1.4333333333333333,1.8666666666666665,0.9,0.06666666666666667,0.0,0.43333333333333335,0.13333333333333333,6.266666666666667,710480.0
Ty Jerome,27.0,CLE,SG,70.0,3.0,19.9,4.6,8.8,0.516,1.6,3.6,0.439,3.0,5.2,0.57,0.606,1.8,2.1,0.872,0.7,1.8,2.5,3.4,1.1,0.0,1.3,1.5,12.5,2560975.0
Josh Minott,22.0,MIN,SF,46.0,0.0,6.0,1.0,2.0,0.489,0.3,0.9,0.326,0.7,1.0,0.638,0.567,0.4,0.4,0.895,0.3,0.8,1.0,0.4,0.3,0.3,0.2,0.7,2.6,2019699.0
Jordan Miller,25.0,LAC,SF,37.0,0.0,11.4,1.6,3.6,0.433,0.2,1.0,0.211,1.4,2.6,0.521,0.463,0.8,0.9,0.8,0.6,0.9,1.6,0.9,0.5,0.1,0.7,0.7,4.1,1471445.0
Daniss Jenkins,23.0,DET,PG,7.0,0.0,3.3,0.4,1.4,0.3,0.1,1.0,0.143,0.3,0.4,0.667,0.35,0.0,0.3,0.0,0.0,0.3,0.3,0.4,0.0,0.0,0.1,0.3,1.0,578577.0
Anthony Davis,31.0,2TM,PF,102.0,102.0,32.46666666666667,8.833333333333334,17.566666666666666,0.5016666666666667,0.7333333333333334,2.6333333333333333,0.27099999999999996,8.133333333333333,14.933333333333335,0.543,0.522,5.1000000000000005,6.7,0.7503333333333334,2.3666666666666667,8.766666666666666,11.200000000000001,3.766666666666667,1.0333333333333334,2.166666666666667,2.2,1.9000000000000001,23.46666666666667,43219440.0
Jalen Wilson,24.0,BRK,PF,79.0,22.0,25.7,3.1,7.8,0.397,1.5,4.6,0.337,1.6,3.3,0.481,0.495,1.7,2.1,0.818,0.9,2.5,3.4,1.8,0.5,0.1,1.0,2.1,9.5,1891857.0
Kel'el Ware,20.0,MIA,C,64.0,36.0,22.2,4.0,7.3,0.554,0.5,1.7,0.315,3.5,5.5,0.629,0.592,0.7,1.0,0.687,1.8,5.6,7.4,0.9,0.6,1.1,0.9,1.7,9.3,4231800.0
Moses Moody,22.0,GSW,SG,74.0,34.0,22.3,3.3,7.7,0.433,1.7,4.6,0.374,1.6,3.1,0.519,0.544,1.4,1.8,0.797,0.7,1.9,2.6,1.3,0.8,0.4,0.7,1.6,9.8,5803269.0
RJ Barrett,24.0,TOR,SF,58.0,58.0,32.2,7.9,16.9,0.468,1.8,5.3,0.35,6.1,11.7,0.522,0.523,3.4,5.4,0.63,1.1,5.3,6.3,5.4,0.8,0.3,2.8,2.4,21.1,25794643.0
Ron Holland,19.0,DET,SF,81.0,2.0,15.6,2.4,5.1,0.474,0.4,1.9,0.238,2.0,3.3,0.608,0.517,1.1,1.5,0.754,0.5,2.2,2.7,1.0,0.6,0.2,0.9,1.7,6.4,8245320.0
Neemias Queta,25.0,BOS,C,62.0,6.0,13.9,2.1,3.3,0.65,0.0,0.0,0.0,2.1,3.2,0.66,0.65,0.7,1.0,0.754,1.4,2.4,3.8,0.7,0.3,0.7,0.6,1.7,5.0,2162606.0
Jaylen Wells,21.0,MEM,SG,79.0,74.0,25.9,3.6,8.6,0.425,1.7,5.0,0.352,1.9,3.6,0.525,0.527,1.4,1.7,0.822,1.1,2.3,3.4,1.7,0.6,0.1,0.9,1.8,10.4,1157153.0
Lindy Waters III,27.0,2TM,SG,104.0,18.0,13.666666666666666,1.6333333333333335,4.433333333333333,0.36800000000000005,1.2,3.4,0.3566666666666667,0.43333333333333335,1.0333333333333334,0.36166666666666664,0.5073333333333333,0.13333333333333333,0.16666666666666666,0.727,0.3666666666666667,1.5,1.8666666666666665,0.9333333333333332,0.5,0.19999999999999998,0.3333333333333333,1.0333333333333332,4.6000000000000005,2196970.0
Talen Horton-Tucker,24.0,CHI,SG,58.0,0.0,12.5,2.3,5.0,0.457,0.7,2.1,0.336,1.6,2.9,0.544,0.527,1.2,1.7,0.735,0.3,1.4,1.7,1.4,0.4,0.2,0.7,1.0,6.5,2425403.0
Brandon Clarke,28.0,MEM,PF,64.0,18.0,18.9,3.7,5.9,0.621,0.0,0.3,0.059,3.7,5.7,0.647,0.622,1.0,1.4,0.701,2.0,3.1,5.1,1.0,0.8,0.6,0.6,2.3,8.3,12500000.0
Pete Nance,24.0,2TM,PF,26.0,2.0,10.666666666666666,1.0999999999999999,2.4666666666666663,0.43333333333333335,0.6999999999999998,1.8333333333333333,0.375,0.39999999999999997,0.6,0.586,0.5736666666666667,0.06666666666666667,0.16666666666666666,0.5,0.39999999999999997,1.2,1.5999999999999999,0.8000000000000002,0.16666666666666666,0.16666666666666666,0.3333333333333333,1.3,2.9333333333333336,539893.0
Devin Carter,22.0,SAC,PG,36.0,0.0,11.0,1.3,3.5,0.37,0.5,1.7,0.295,0.8,1.8,0.439,0.441,0.7,1.2,0.591,0.5,1.6,2.1,1.1,0.6,0.1,0.5,1.1,3.8,4689000.0
Dante Exum,29.0,DAL,PG,20.0,13.0,18.6,3.2,6.7,0.478,1.2,2.7,0.434,2.1,4.1,0.506,0.563,1.2,1.6,0.742,0.2,1.5,1.7,2.8,0.6,0.2,1.1,1.7,8.7,3150000.0
Mark Williams,23.0,CHO,C,44.0,41.0,26.6,6.1,10.2,0.604,0.0,0.1,0.0,6.1,10.1,0.609,0.604,3.0,3.7,0.804,3.0,7.2,10.2,2.5,0.7,1.2,1.6,2.4,15.3,4094280.0
Jaden Hardy,22.0,DAL,SG,57.0,3.0,15.9,3.2,7.3,0.435,1.3,3.5,0.386,1.8,3.8,0.479,0.527,1.1,1.5,0.698,0.2,1.4,1.6,1.4,0.5,0.1,1.4,1.6,8.7,2019699.0
Cole Swider,25.0,2TM,SF,20.0,0.0,14.299999999999999,1.6666666666666667,5.366666666666667,0.24266666666666667,1.1333333333333333,4.166666666666667,0.2253333333333333,0.5333333333333333,1.2,0.438,0.3256666666666667,0.0,0.06666666666666667,0.0,0.3666666666666667,1.9000000000000001,2.266666666666667,0.3666666666666667,0.3,0.16666666666666666,0.3,1.0333333333333332,4.433333333333334,472449.0
Rudy Gobert,32.0,MIN,C,72.0,72.0,33.2,4.7,7.1,0.669,0.0,0.0,,4.7,7.1,0.669,0.669,2.6,3.8,0.674,3.7,7.2,10.9,1.8,0.8,1.4,1.2,2.5,12.0,43827586.0
Kris Dunn,30.0,LAC,PG,74.0,58.0,24.1,2.6,5.9,0.439,1.0,3.0,0.335,1.6,2.9,0.549,0.525,0.2,0.3,0.682,0.7,2.7,3.4,2.8,1.7,0.4,1.0,2.7,6.4,5168000.0
Zion Williamson,24.0,NOP,PF,30.0,30.0,28.6,9.6,16.9,0.567,0.1,0.4,0.231,9.5,16.5,0.576,0.57,5.3,8.0,0.656,2.5,4.7,7.2,5.3,1.2,0.9,3.0,2.7,24.6,36725670.0
Cody Williams,20.0,UTA,SG,50.0,21.0,21.2,1.7,5.1,0.323,0.7,2.7,0.259,1.0,2.4,0.393,0.391,0.6,0.8,0.725,0.5,1.7,2.3,1.2,0.5,0.3,0.9,1.9,4.6,5469120.0
Reece Beekman,23.0,2TM,PG,72.0,8.0,9.566666666666666,0.8333333333333334,2.1999999999999997,0.5493333333333333,0.13333333333333333,0.7666666666666666,0.175,0.7000000000000001,1.4333333333333333,0.609,0.5713333333333334,0.3,0.39999999999999997,0.762,0.43333333333333335,0.5,0.9,1.3666666666666665,0.7666666666666666,0.06666666666666667,0.39999999999999997,0.8333333333333334,2.1,578577.0
Noah Clowney,20.0,BRK,PF,46.0,20.0,22.7,2.9,8.1,0.358,1.9,5.7,0.333,1.0,2.4,0.414,0.474,1.5,1.7,0.838,0.9,3.0,3.9,0.9,0.5,0.5,1.0,2.3,9.1,3244080.0
Isaac Okoro,24.0,CLE,SG,55.0,22.0,19.1,2.3,4.9,0.464,1.0,2.7,0.371,1.2,2.1,0.586,0.569,0.6,0.8,0.717,0.9,1.5,2.4,1.2,0.6,0.3,0.4,1.9,6.1,10185186.0
Jaylin Williams,22.0,OKC,PF,47.0,9.0,16.7,2.1,4.7,0.439,1.3,3.3,0.399,0.8,1.4,0.529,0.577,0.5,0.6,0.767,1.0,4.6,5.6,2.6,0.5,0.6,0.7,1.7,5.9,2019699.0
Tyler Kolek,23.0,NYK,PG,41.0,0.0,7.2,0.7,2.0,0.329,0.3,1.1,0.298,0.3,0.9,0.371,0.415,0.3,0.4,0.765,0.2,0.5,0.7,1.7,0.3,0.1,0.4,0.6,2.0,2087519.0
Jamal Shead,22.0,TOR,PG,75.0,11.0,19.6,2.7,6.7,0.405,1.0,3.0,0.323,1.8,3.7,0.47,0.476,0.7,0.9,0.768,0.4,1.1,1.5,4.2,0.8,0.1,1.6,2.1,7.1,1862265.0
David Roddy,23.0,3TM,PF,66.0,6.0,11.650000000000002,1.925,4.45,0.43375,0.5499999999999999,2.35,0.252,1.375,2.125,0.6427499999999999,0.49700000000000005,0.49999999999999994,0.7250000000000001,0.6956666666666665,0.375,2.1,2.4499999999999997,0.9750000000000001,0.375,0.22499999999999998,0.5,0.475,4.85,3269623.0
KJ Martin,24.0,2TM,PF,86.0,32.0,21.3,2.5666666666666664,4.733333333333333,0.5526666666666668,0.3333333333333333,1.3666666666666665,0.2763333333333333,2.2333333333333334,3.3333333333333335,0.6706666666666666,0.5906666666666666,0.8666666666666666,1.0666666666666667,0.7789999999999999,0.7000000000000001,2.2,2.9,1.1333333333333335,0.39999999999999997,0.5,0.5666666666666668,2.3333333333333335,6.366666666666667,7975000.0
Isaiah Collier,20.0,UTA,PG,71.0,46.0,25.9,3.3,7.8,0.422,0.6,2.4,0.249,2.7,5.4,0.497,0.459,1.5,2.2,0.682,0.5,2.9,3.3,6.3,0.9,0.2,2.9,2.1,8.7,2512680.0
Dalano Banton,25.0,POR,PG,67.0,7.0,16.7,3.0,7.6,0.391,1.1,3.3,0.324,1.9,4.3,0.442,0.462,1.4,1.9,0.728,0.4,1.6,2.0,2.4,0.6,0.5,1.3,0.9,8.3,2196970.0
Collin Sexton,26.0,UTA,SG,63.0,61.0,27.9,6.6,13.8,0.48,1.7,4.3,0.406,4.9,9.5,0.513,0.543,3.4,4.0,0.865,1.0,1.8,2.7,4.2,0.7,0.1,2.5,2.3,18.4,18350000.0
Moritz Wagner,27.0,ORL,C,30.0,1.0,18.8,4.7,8.3,0.562,0.9,2.5,0.36,3.8,5.8,0.649,0.616,2.6,3.7,0.718,1.3,3.6,4.9,1.4,0.8,0.4,1.6,1.8,12.9,11000000.0
KJ Simpson,22.0,CHO,PG,36.0,15.0,23.4,2.9,8.4,0.346,0.9,3.6,0.254,2.0,4.8,0.415,0.4,1.1,1.4,0.82,1.1,1.9,3.0,3.1,0.9,0.2,1.6,1.6,7.8,578577.0
Vit Krejci,24.0,ATL,PG,57.0,16.0,20.2,2.5,5.1,0.497,1.6,3.6,0.437,1.0,1.5,0.64,0.651,0.6,0.8,0.711,0.4,2.4,2.7,2.6,0.6,0.5,0.9,1.8,7.2,2162606.0
Davion Mitchell,26.0,2TM,PG,148.0,74.0,27.833333333333332,3.1,6.533333333333334,0.46866666666666673,1.1666666666666667,2.9,0.4013333333333333,1.9666666666666668,3.6999999999999997,0.524,0.5573333333333333,0.8333333333333334,1.1666666666666667,0.6893333333333334,0.5,1.8333333333333333,2.3,4.933333333333334,1.0333333333333332,0.2333333333333333,1.7333333333333334,2.4666666666666663,8.166666666666666,6451077.0
Brice Sensabaugh,21.0,UTA,SF,71.0,15.0,20.2,3.9,8.4,0.459,2.2,5.2,0.422,1.7,3.2,0.52,0.59,0.9,1.0,0.89,0.6,2.4,3.0,1.5,0.6,0.1,1.5,1.6,10.9,2571030.0
Jarred Vanderbilt,25.0,LAL,PF,36.0,2.0,16.1,1.6,3.4,0.488,0.3,0.9,0.281,1.4,2.5,0.562,0.525,0.6,1.0,0.556,1.9,3.2,5.1,1.1,1.0,0.3,0.8,1.9,4.1,10714286.0
Julian Strawther,22.0,DEN,SG,65.0,4.0,21.3,3.2,7.5,0.432,1.4,4.1,0.349,1.8,3.3,0.535,0.529,1.1,1.4,0.822,0.3,1.9,2.2,1.3,0.6,0.2,0.9,2.3,9.0,2552596.0
Duncan Robinson,30.0,MIA,SF,74.0,37.0,24.1,3.9,9.0,0.437,2.6,6.5,0.393,1.4,2.4,0.556,0.581,0.6,0.7,0.887,0.2,2.0,2.3,2.4,0.5,0.1,1.2,1.8,11.0,19406000.0
Tosan Evbuomwan,23.0,BRK,SF,28.0,0.0,23.8,3.4,7.9,0.427,0.9,2.8,0.312,2.5,5.1,0.49,0.482,2.0,2.6,0.753,1.1,3.1,4.3,2.0,0.9,0.4,1.4,2.0,9.5,331365.0
Ben Simmons,28.0,2TM,PG,102.0,48.0,21.133333333333333,2.1333333333333333,4.166666666666667,0.5003333333333334,0.0,0.0,,2.1333333333333333,4.166666666666667,0.5003333333333334,0.5003333333333334,0.43333333333333335,0.6,0.7586666666666666,0.9,3.6666666666666665,4.566666666666666,5.2,0.7333333333333334,0.4666666666666666,1.8333333333333333,2.0,4.7,40338144.0
Tre Mann,23.0,CHO,PG,13.0,0.0,24.5,5.4,12.4,0.435,1.8,4.6,0.4,3.5,7.8,0.455,0.509,1.5,1.6,0.905,0.9,2.0,2.9,3.0,0.5,0.3,1.9,1.8,14.1,4908373.0
Bronny James,20.0,LAL,SG,27.0,1.0,6.7,0.8,2.5,0.313,0.3,1.2,0.281,0.4,1.3,0.343,0.381,0.4,0.5,0.786,0.1,0.5,0.7,0.8,0.3,0.1,0.5,0.5,2.3,1157153.0
Jamal Murray,27.0,DEN,PG,67.0,67.0,36.1,7.9,16.7,0.474,2.3,5.9,0.393,5.6,10.8,0.518,0.543,3.3,3.7,0.886,0.7,3.2,3.9,6.0,1.4,0.5,2.1,1.9,21.4,36016200.0
Malik Monk,26.0,SAC,SG,65.0,45.0,31.6,6.3,14.4,0.439,2.1,6.6,0.325,4.2,7.9,0.534,0.513,2.4,2.7,0.865,0.5,3.3,3.8,5.6,0.9,0.6,2.4,2.4,17.2,17405203.0
Cam Spencer,24.0,MEM,SG,25.0,1.0,10.1,1.4,3.3,0.415,0.8,2.1,0.358,0.6,1.2,0.517,0.53,0.8,0.8,1.0,0.5,0.7,1.2,1.4,0.4,0.0,0.2,0.9,4.2,578577.0
Alex Sarr,19.0,WAS,C,67.0,67.0,27.1,4.9,12.4,0.394,1.6,5.1,0.308,3.3,7.3,0.454,0.457,1.7,2.5,0.679,1.9,4.6,6.5,2.4,0.7,1.5,1.7,2.2,13.0,11245680.0
Collin Gillespie,25.0,PHO,PG,33.0,9.0,14.0,2.1,4.8,0.43,1.2,2.7,0.433,0.9,2.1,0.426,0.554,0.6,0.7,0.864,0.7,1.7,2.4,2.4,0.6,0.2,0.5,0.9,5.9,578577.0
RayJ Dennis,23.0,IND,PG,11.0,0.0,6.4,1.0,3.0,0.333,0.5,1.9,0.286,0.5,1.1,0.417,0.424,0.2,0.2,1.0,0.2,0.9,1.1,1.3,0.6,0.2,0.5,0.6,2.7,324931.0
Stephen Curry,36.0,GSW,PG,70.0,70.0,32.2,8.1,18.0,0.448,4.4,11.2,0.397,3.6,6.8,0.534,0.572,4.0,4.3,0.933,0.6,3.9,4.4,6.0,1.1,0.4,2.9,1.4,24.5,55761217.0
Maxi Kleber,33.0,DAL,PF,34.0,4.0,18.7,1.1,2.8,0.385,0.4,1.4,0.265,0.7,1.4,0.511,0.453,0.5,0.6,0.762,0.7,2.1,2.8,1.3,0.3,0.5,0.7,1.9,3.0,11000000.0
Luke Travers,23.0,CLE,SG,12.0,0.0,7.3,0.4,1.7,0.25,0.0,0.8,0.0,0.4,0.9,0.455,0.25,0.2,0.2,1.0,0.7,1.0,1.7,0.7,0.1,0.1,0.7,0.5,1.0,578577.0
Jeremiah Robinson-Earl,24.0,NOP,PF,66.0,9.0,18.8,2.4,5.3,0.455,0.8,2.5,0.341,1.5,2.8,0.557,0.536,0.7,0.8,0.836,1.7,3.1,4.8,1.3,0.6,0.1,0.8,1.2,6.3,2196970.0
Paolo Banchero,22.0,ORL,PF,46.0,46.0,34.4,9.0,19.8,0.452,1.9,5.9,0.32,7.1,13.9,0.509,0.5,6.1,8.4,0.727,1.1,6.4,7.5,4.8,0.8,0.6,3.0,2.1,25.9,12160800.0
Jerami Grant,30.0,POR,PF,47.0,47.0,32.4,4.6,12.2,0.373,2.3,6.3,0.365,2.3,5.9,0.381,0.467,3.0,3.5,0.849,0.6,2.9,3.5,2.1,0.9,1.0,1.4,2.3,14.4,29793104.0
Riley Minix,24.0,SAS,SF,1.0,0.0,7.0,0.0,1.0,0.0,0.0,1.0,0.0,0.0,0.0,,0.0,0.0,0.0,,0.0,2.0,2.0,0.0,0.0,0.0,0.0,0.0,0.0,578577.0
Bryce McGowens,22.0,POR,SG,13.0,0.0,2.5,0.3,1.1,0.286,0.0,0.3,0.0,0.3,0.8,0.4,0.286,0.4,0.5,0.833,0.2,0.1,0.2,0.2,0.1,0.0,0.3,0.2,1.0,578577.0
Trevelin Queen,27.0,ORL,SG,31.0,2.0,13.9,1.8,4.7,0.381,0.7,2.5,0.286,1.1,2.3,0.486,0.456,0.6,0.7,0.857,0.8,0.9,1.7,1.2,1.0,0.3,0.7,1.2,4.9,578577.0
Ryan Rollins,22.0,MIL,PG,56.0,19.0,14.6,2.4,4.8,0.487,0.9,2.1,0.408,1.5,2.7,0.55,0.577,0.6,0.8,0.8,0.4,1.6,1.9,1.9,0.8,0.3,0.9,1.6,6.2,1549888.0
Jevon Carter,29.0,CHI,PG,36.0,1.0,8.9,1.5,4.1,0.377,1.0,2.9,0.333,0.6,1.1,0.488,0.497,0.2,0.3,0.8,0.1,1.0,1.1,1.1,0.4,0.1,0.3,0.4,4.3,6500000.0
Reed Sheppard,20.0,HOU,PG,52.0,3.0,12.6,1.6,4.6,0.351,0.9,2.7,0.338,0.7,1.9,0.371,0.452,0.3,0.3,0.813,0.3,1.2,1.5,1.4,0.7,0.3,0.7,1.0,4.4,10098960.0
Matas Buzelis,20.0,CHI,SF,80.0,31.0,18.9,3.2,6.9,0.454,1.2,3.3,0.361,2.0,3.6,0.54,0.541,1.1,1.4,0.815,0.7,2.8,3.5,1.0,0.4,0.9,0.9,1.6,8.6,5195520.0
Isaac Jones,24.0,SAC,PF,40.0,0.0,7.6,1.4,2.1,0.651,0.1,0.2,0.375,1.3,1.9,0.68,0.669,0.6,0.9,0.639,0.6,0.9,1.4,0.3,0.1,0.3,0.4,0.8,3.4,641962.0
Justin Edwards,21.0,PHI,SF,44.0,26.0,26.3,3.9,8.6,0.455,1.6,4.3,0.363,2.3,4.3,0.548,0.546,0.7,1.0,0.696,1.0,2.3,3.4,1.6,1.0,0.4,1.1,2.2,10.1,782721.0
Andrew Nembhard,25.0,IND,SG,65.0,65.0,28.9,3.8,8.3,0.458,0.8,2.7,0.291,3.0,5.6,0.538,0.506,1.7,2.1,0.794,0.5,2.8,3.3,5.0,1.2,0.2,1.7,2.3,10.0,2019699.0
Kawhi Leonard,33.0,LAC,SF,37.0,37.0,31.9,8.4,16.8,0.498,2.1,5.1,0.411,6.3,11.7,0.536,0.56,2.6,3.3,0.81,0.9,5.0,5.9,3.1,1.6,0.5,1.9,1.5,21.5,49205800.0
Emoni Bates,21.0,CLE,SF,10.0,0.0,7.5,1.3,3.8,0.342,1.1,3.0,0.367,0.2,0.8,0.25,0.487,0.0,0.0,,0.0,0.7,0.7,0.8,0.1,0.1,0.2,0.4,3.7,578577.0
Kyle Lowry,38.0,PHI,PG,35.0,12.0,18.8,1.2,3.3,0.35,0.8,2.5,0.33,0.3,0.8,0.414,0.474,0.8,0.9,0.818,0.3,1.6,1.9,2.7,0.9,0.3,0.6,1.8,3.9,3303771.0
Tristen Newton,23.0,2TM,SG,16.0,0.0,2.1,0.10000000000000002,0.9666666666666668,0.09733333333333334,0.0,0.3333333333333333,0.0,0.10000000000000002,0.6333333333333333,0.17766666666666667,0.09733333333333334,0.10000000000000002,0.10000000000000002,1.0,0.3333333333333333,0.3333333333333333,0.6,0.26666666666666666,0.13333333333333333,0.0,0.26666666666666666,0.5333333333333333,0.3333333333333333,578577.0
Shai Gilgeous-Alexander,26.0,OKC,PG,76.0,76.0,34.2,11.3,21.8,0.519,2.1,5.7,0.375,9.2,16.1,0.571,0.569,7.9,8.8,0.898,0.9,4.1,5.0,6.4,1.7,1.0,2.4,2.2,32.7,35859950.0
Chet Holmgren,22.0,OKC,C,32.0,32.0,27.4,5.2,10.7,0.49,1.4,3.6,0.379,3.8,7.0,0.547,0.554,3.2,4.2,0.754,1.5,6.5,8.0,2.0,0.7,2.2,1.8,2.3,15.0,10880640.0
Ryan Dunn,22.0,PHO,SF,74.0,44.0,19.1,2.8,6.4,0.43,1.1,3.6,0.311,1.7,2.9,0.577,0.516,0.3,0.5,0.487,1.2,2.4,3.6,0.8,0.6,0.5,0.5,2.2,6.9,2530800.0
Josh Christopher,23.0,MIA,SG,14.0,0.0,4.9,0.8,2.2,0.355,0.1,0.8,0.182,0.6,1.4,0.45,0.387,0.3,0.4,0.667,0.0,0.6,0.6,0.6,0.4,0.2,0.4,0.1,2.0,578577.0
Andrew Wiggins,29.0,2TM,SF,120.0,120.0,30.96666666666667,6.3999999999999995,14.166666666666666,0.45,2.1666666666666665,5.833333333333333,0.371,4.2,8.333333333333334,0.505,0.5266666666666667,3.3000000000000003,4.366666666666666,0.757,1.4666666666666668,2.966666666666667,4.433333333333334,2.766666666666667,1.0333333333333332,0.8666666666666667,1.8333333333333333,1.7,18.2,26276786.0
Killian Hayes,23.0,BRK,PG,6.0,5.0,27.0,3.0,7.2,0.419,1.3,3.5,0.381,1.7,3.7,0.455,0.512,1.7,2.0,0.833,0.8,2.2,3.0,5.2,0.7,0.7,1.5,2.2,9.0,128603.0
Jeff Green,38.0,HOU,PF,32.0,3.0,12.4,1.9,3.8,0.504,0.9,2.5,0.367,1.0,1.3,0.762,0.624,0.7,0.8,0.808,0.3,1.5,1.8,0.6,0.2,0.1,0.3,1.0,5.4,8000000.0
Dominick Barlow,21.0,ATL,SF,35.0,4.0,10.7,1.7,3.2,0.531,0.2,0.8,0.259,1.5,2.5,0.616,0.562,0.6,0.9,0.636,1.0,1.4,2.4,0.5,0.3,0.5,0.1,1.3,4.2,922983.0
Bobi Klintman,21.0,DET,SF,8.0,0.0,5.3,0.8,1.3,0.6,0.3,0.6,0.4,0.5,0.6,0.8,0.7,0.1,0.3,0.5,0.1,0.8,0.9,0.9,0.3,0.1,0.1,1.0,1.9,1157153.0
Dean Wade,28.0,CLE,PF,59.0,30.0,21.2,1.9,4.6,0.413,1.4,3.8,0.36,0.5,0.8,0.653,0.561,0.3,0.5,0.533,0.9,3.4,4.2,1.3,0.7,0.3,0.4,1.7,5.4,6166667.0
Jrue Holiday,34.0,BOS,PG,62.0,62.0,30.6,4.1,9.2,0.443,1.7,4.9,0.353,2.4,4.3,0.547,0.538,1.1,1.2,0.909,1.2,3.0,4.3,3.9,1.1,0.4,1.2,1.6,11.1,30000000.0
Ariel Hukporti,22.0,NYK,C,25.0,1.0,8.7,0.8,1.2,0.677,0.0,0.0,,0.8,1.2,0.677,0.677,0.2,0.5,0.462,0.6,1.5,2.0,0.4,0.0,0.6,0.8,1.3,1.9,1112306.0
Harrison Ingram,22.0,SAS,SF,5.0,0.0,7.0,0.4,0.8,0.5,0.0,0.2,0.0,0.4,0.6,0.667,0.5,0.0,0.0,,0.4,1.4,1.8,0.6,0.6,0.0,0.2,0.4,0.8,578577.0
Bismack Biyombo,32.0,SAS,C,28.0,26.0,18.9,2.4,4.1,0.588,0.0,0.0,,2.4,4.1,0.588,0.588,0.4,0.9,0.4,1.5,4.1,5.6,1.1,0.6,0.8,1.0,1.9,5.1,1253154.0
Alex Ducas,24.0,OKC,SG,21.0,0.0,6.0,0.6,1.4,0.4,0.5,1.0,0.476,0.1,0.4,0.222,0.567,0.1,0.1,1.0,0.4,0.8,1.2,0.2,0.2,0.0,0.2,0.6,1.7,578577.0
Jaden Springer,22.0,2TM,SG,86.0,4.0,9.033333333333333,0.9,2.2333333333333334,0.38433333333333336,0.3,1.1666666666666667,0.25766666666666665,0.5666666666666667,1.0666666666666667,0.526,0.45366666666666666,0.6333333333333333,0.9,0.7103333333333333,0.46666666666666673,1.0,1.4000000000000001,0.8666666666666667,0.6,0.10000000000000002,0.43333333333333335,1.0666666666666667,2.6666666666666665,4777088.0
Robert Williams,27.0,POR,C,20.0,3.0,17.6,2.5,3.9,0.641,0.1,0.2,0.333,2.5,3.8,0.653,0.647,0.8,0.9,0.882,1.8,4.2,5.9,1.1,0.7,1.7,0.9,1.6,5.8,12428571.0
Anthony Edwards,23.0,MIN,SG,79.0,79.0,36.3,9.1,20.4,0.447,4.1,10.3,0.395,5.1,10.1,0.501,0.547,5.3,6.3,0.837,0.8,4.9,5.7,4.5,1.2,0.6,3.2,1.9,27.6,42176400.0
Kyle Anderson,31.0,2TM,PF,122.0,8.0,16.599999999999998,2.3333333333333335,5.033333333333333,0.4706666666666666,0.3666666666666667,1.0666666666666667,0.3516666666666666,1.9666666666666668,3.9,0.502,0.5103333333333334,0.8333333333333334,1.1333333333333335,0.7313333333333333,0.9,2.533333333333333,3.4333333333333336,2.433333333333333,0.6666666666666666,0.5333333333333333,0.6333333333333333,1.3333333333333333,5.966666666666666,8780488.0
Day'Ron Sharpe,23.0,BRK,C,50.0,2.0,18.1,3.3,6.3,0.521,0.2,0.9,0.244,3.1,5.4,0.566,0.538,1.1,1.5,0.757,3.0,3.6,6.6,1.8,0.8,0.8,1.3,2.3,7.9,3989122.0
Nikola Jokic,29.0,DEN,C,70.0,70.0,36.7,11.2,19.5,0.576,2.0,4.7,0.417,9.3,14.8,0.627,0.627,5.2,6.4,0.8,2.9,9.9,12.7,10.2,1.8,0.6,3.3,2.3,29.6,51415938.0
Alondes Williams,25.0,DET,SG,1.0,0.0,4.0,2.0,2.0,1.0,1.0,1.0,1.0,1.0,1.0,1.0,1.25,0.0,0.0,,0.0,0.0,0.0,1.0,0.0,0.0,0.0,0.0,5.0,244502.0
Chris Duarte,27.0,CHI,SG,17.0,0.0,4.4,0.7,1.5,0.462,0.4,0.9,0.4,0.4,0.6,0.545,0.577,0.4,0.5,0.75,0.3,0.9,1.2,0.5,0.0,0.0,0.1,0.4,2.1,5893768.0
Nicolas Batum,36.0,LAC,PF,78.0,8.0,17.5,1.3,3.1,0.437,1.1,2.6,0.433,0.2,0.4,0.457,0.622,0.2,0.3,0.81,0.6,2.2,2.8,1.1,0.7,0.5,0.4,1.4,4.0,4668000.0
Grant Williams,26.0,CHO,PF,16.0,7.0,29.9,3.4,7.7,0.439,1.7,4.6,0.365,1.7,3.1,0.551,0.549,1.9,2.3,0.838,1.1,4.0,5.1,2.3,1.1,0.8,1.8,2.9,10.4,13025250.0
Darius Garland,25.0,CLE,PG,75.0,75.0,30.7,7.4,15.7,0.472,2.8,7.1,0.401,4.6,8.6,0.53,0.562,3.0,3.4,0.878,0.6,2.2,2.9,6.7,1.2,0.1,2.5,1.9,20.6,36725670.0
Duop Reath,28.0,POR,C,46.0,0.0,10.2,1.5,3.6,0.422,0.7,2.3,0.321,0.8,1.3,0.6,0.524,0.4,0.5,0.909,1.0,1.0,2.0,0.6,0.3,0.3,0.3,0.9,4.2,2048780.0
Patrick Williams,23.0,CHI,PF,63.0,36.0,25.0,3.3,8.2,0.397,1.5,4.3,0.353,1.7,3.9,0.447,0.49,1.0,1.3,0.723,0.7,3.1,3.8,2.0,0.8,0.5,1.4,1.4,9.0,18000000.0
Tyrese Maxey,24.0,PHI,PG,52.0,52.0,37.7,9.2,21.0,0.437,3.1,9.2,0.337,6.1,11.8,0.515,0.511,4.9,5.6,0.879,0.3,3.1,3.3,6.1,1.8,0.4,2.4,2.2,26.3,35147000.0
Cameron Johnson,28.0,BRK,PF,57.0,57.0,31.6,6.2,13.1,0.475,2.8,7.2,0.39,3.4,5.9,0.578,0.582,3.5,3.9,0.893,0.9,3.4,4.3,3.4,0.9,0.4,1.7,1.8,18.8,23062500.0
Malcolm Brogdon,32.0,WAS,PG,24.0,13.0,23.5,4.3,10.0,0.433,0.7,2.3,0.286,3.7,7.7,0.478,0.467,3.4,3.8,0.88,0.9,2.9,3.8,4.1,0.5,0.2,1.6,1.3,12.7,22500000.0
Aaron Wiggins,26.0,OKC,SG,76.0,26.0,22.9,4.7,9.6,0.488,1.7,4.5,0.383,3.0,5.1,0.578,0.577,1.0,1.2,0.831,1.1,2.8,3.9,1.8,0.8,0.2,0.9,1.3,12.0,10514017.0
Jimmy Butler,35.0,2TM,SF,110.0,110.0,31.666666666666668,5.5,10.833333333333334,0.5066666666666667,0.5666666666666668,1.8666666666666665,0.316,4.933333333333334,9.0,0.5466666666666666,0.5333333333333333,5.966666666666666,7.066666666666666,0.8376666666666667,2.2666666666666666,3.1,5.366666666666667,5.366666666666667,1.4000000000000001,0.3333333333333333,1.3333333333333333,0.9333333333333332,17.466666666666665,48798677.0
Isaiah Stevens,24.0,MIA,PG,3.0,0.0,2.0,0.0,0.7,0.0,0.0,0.3,0.0,0.0,0.3,0.0,0.0,0.0,0.0,,0.0,0.7,0.7,0.0,0.3,0.0,0.0,0.0,0.0,350668.0
Jalen Williams,23.0,OKC,SG,69.0,69.0,32.4,8.2,16.9,0.484,1.8,4.9,0.365,6.4,12.0,0.533,0.537,3.4,4.3,0.789,0.9,4.5,5.3,5.1,1.6,0.7,2.2,2.3,21.6,4775760.0
Ayo Dosunmu,25.0,CHI,SG,46.0,26.0,30.3,4.8,9.8,0.492,1.3,4.1,0.328,3.5,5.7,0.612,0.561,1.3,1.7,0.785,0.6,2.9,3.5,4.5,0.9,0.4,1.5,2.3,12.3,7000000.0
Jahlil Okafor,29.0,IND,C,1.0,0.0,3.0,0.0,0.0,,0.0,0.0,,0.0,0.0,,,0.0,0.0,,0.0,1.0,1.0,1.0,0.0,0.0,0.0,0.0,0.0,150179.0
Terry Taylor,25.0,SAC,PF,3.0,0.0,2.0,0.0,0.3,0.0,0.0,0.0,,0.0,0.3,0.0,0.0,0.0,0.0,,0.3,0.0,0.3,0.7,0.0,0.0,0.0,0.0,0.0,124288.0
Daeqwon Plowden,26.0,ATL,SG,6.0,0.0,12.0,2.7,4.2,0.64,1.5,2.8,0.529,1.2,1.3,0.875,0.82,0.3,0.3,1.0,0.7,1.2,1.8,0.3,0.0,0.0,0.7,1.7,7.2,424951.0
Joe Ingles,37.0,MIN,SF,19.0,1.0,6.0,0.3,1.2,0.261,0.2,0.8,0.2,0.2,0.4,0.375,0.326,0.0,0.0,,0.1,0.5,0.6,1.2,0.1,0.0,0.5,0.6,0.8,3303771.0
Damion Baugh,24.0,CHO,SG,15.0,2.0,24.7,2.8,8.7,0.323,0.8,3.7,0.214,2.0,4.9,0.405,0.369,0.9,1.0,0.867,0.9,2.4,3.3,3.7,1.0,0.1,2.1,1.5,7.3,196245.0
Luka Garza,26.0,MIN,C,39.0,0.0,5.6,1.3,2.7,0.495,0.3,0.9,0.278,1.1,1.8,0.609,0.543,0.6,0.9,0.686,0.8,0.6,1.4,0.3,0.2,0.1,0.3,0.7,3.5,2162606.0
Victor Wembanyama,21.0,SAS,C,46.0,46.0,33.2,8.9,18.6,0.476,3.1,8.8,0.352,5.8,9.9,0.586,0.559,3.4,4.1,0.836,1.8,9.2,11.0,3.7,1.1,3.8,3.2,2.3,24.3,12768664.0
Baylor Scheierman,24.0,BOS,SG,31.0,2.0,12.4,1.3,3.5,0.355,0.8,2.6,0.317,0.4,0.9,0.464,0.473,0.3,0.4,0.75,0.6,1.5,2.1,1.1,0.5,0.1,0.4,0.7,3.6,2494320.0
DeAndre Jordan,36.0,DEN,C,56.0,5.0,12.3,1.6,2.5,0.65,0.0,0.0,,1.6,2.5,0.65,0.65,0.5,1.1,0.422,1.5,3.6,5.1,0.9,0.3,0.5,0.7,1.3,3.7,3303771.0
Oshae Brissett,26.0,PHI,SF,6.0,2.0,23.7,3.2,6.5,0.487,1.0,3.0,0.333,2.2,3.5,0.619,0.564,1.3,2.3,0.571,1.2,2.5,3.7,0.7,0.7,0.5,1.3,2.3,8.7,139391.0
Jake LaRavia,23.0,2TM,PF,132.0,0.0,20.2,2.3666666666666667,5.1,0.4676666666666667,0.9666666666666668,2.2666666666666666,0.41733333333333333,1.4666666666666668,2.8333333333333335,0.51,0.5596666666666666,1.0666666666666667,1.5666666666666667,0.6516666666666666,1.3333333333333333,2.3666666666666667,3.7000000000000006,2.1666666666666665,0.9,0.3,1.2333333333333332,2.033333333333333,6.766666666666666,3352680.0
Kai Jones,24.0,2TM,C,80.0,12.0,13.6,2.733333333333333,3.3666666666666667,0.7853333333333333,0.03333333333333333,0.16666666666666666,0.17766666666666667,2.6999999999999997,3.1999999999999997,0.8163333333333332,0.789,0.6999999999999998,0.9666666666666668,0.7229999999999999,1.2,2.566666666666667,3.766666666666667,0.7666666666666666,0.46666666666666673,0.6333333333333334,0.5333333333333333,1.4666666666666668,6.2,713697.0
Keyonte George,21.0,UTA,PG,67.0,35.0,31.5,5.4,13.7,0.391,2.6,7.6,0.343,2.8,6.1,0.449,0.485,3.5,4.3,0.818,0.4,3.4,3.8,5.6,0.7,0.1,2.7,1.7,16.8,4084265.0
Kyshawn George,21.0,WAS,SG,68.0,38.0,26.5,3.0,8.0,0.372,1.7,5.2,0.322,1.3,2.8,0.464,0.476,1.0,1.4,0.753,0.7,3.5,4.2,2.5,1.0,0.7,1.4,3.0,8.7,2825520.0
Pat Spencer,28.0,GSW,PG,39.0,0.0,6.4,1.1,2.6,0.406,0.1,0.6,0.227,0.9,2.0,0.456,0.431,0.3,0.4,0.733,0.4,0.8,1.2,1.2,0.4,0.1,0.5,0.5,2.5,869906.0
Jett Howard,21.0,ORL,SF,60.0,0.0,11.7,1.6,4.4,0.374,0.9,3.1,0.296,0.7,1.3,0.566,0.479,0.3,0.4,0.696,0.3,0.8,1.2,0.7,0.2,0.2,0.6,1.1,4.5,5278165.0
Mason Jones,26.0,SAC,SG,10.0,0.0,4.5,0.9,1.8,0.5,0.1,0.8,0.125,0.8,1.0,0.8,0.528,0.4,0.5,0.8,0.2,0.7,0.9,1.1,0.0,0.1,0.1,0.3,2.3,578577.0
Drew Timme,24.0,BRK,PF,9.0,2.0,28.2,5.0,11.3,0.441,1.0,3.9,0.257,4.0,7.4,0.537,0.485,1.1,1.8,0.625,1.9,5.3,7.2,2.2,0.4,0.1,1.7,2.3,12.1,113055.0
Pelle Larsson,23.0,MIA,SG,55.0,8.0,14.2,1.6,3.7,0.438,0.6,1.7,0.337,1.0,2.0,0.528,0.517,0.7,1.1,0.672,0.5,1.2,1.7,1.2,0.6,0.1,0.4,1.7,4.6,1157153.0
Fred VanVleet,30.0,HOU,PG,60.0,60.0,35.2,4.8,12.7,0.378,2.7,7.7,0.345,2.1,5.0,0.43,0.483,1.9,2.3,0.81,0.5,3.2,3.7,5.6,1.6,0.4,1.5,2.3,14.1,42846615.0
Tyrese Haliburton,24.0,IND,PG,73.0,73.0,33.6,6.5,13.8,0.473,3.0,7.7,0.388,3.5,6.1,0.581,0.582,2.6,3.0,0.851,0.6,3.0,3.5,9.2,1.4,0.7,1.6,1.3,18.6,42176400.0
Alec Burks,33.0,MIA,SG,49.0,14.0,17.6,2.3,5.5,0.424,1.8,4.2,0.425,0.6,1.3,0.422,0.587,0.8,1.0,0.776,0.3,2.2,2.5,1.1,0.6,0.1,0.6,0.8,7.3,3303771.0
Johnny Juzang,23.0,UTA,SG,64.0,18.0,19.8,3.2,7.4,0.429,1.8,4.9,0.376,1.3,2.5,0.534,0.554,0.7,0.8,0.849,0.7,2.2,2.9,1.1,0.6,0.1,0.6,2.0,8.9,3087519.0
Sidy Cissoko,20.0,2TM,SF,44.0,0.0,6.8,0.6333333333333334,1.6333333333333335,0.422,0.10000000000000002,0.7333333333333334,0.22,0.5666666666666668,0.8666666666666666,0.6,0.46633333333333327,0.20000000000000004,0.4666666666666666,0.389,0.5333333333333333,0.7333333333333334,1.2666666666666668,0.9666666666666668,0.13333333333333333,0.06666666666666667,0.7999999999999999,0.5666666666666668,1.5999999999999999,2100971.0
Keon Ellis,25.0,SAC,SG,80.0,28.0,24.4,2.8,5.8,0.489,1.7,4.0,0.433,1.1,1.8,0.615,0.639,0.9,1.1,0.849,0.8,1.9,2.7,1.5,1.5,0.8,0.9,2.2,8.3,2120693.0
Josh Green,24.0,CHO,SG,68.0,67.0,27.8,2.6,6.2,0.428,1.4,3.6,0.391,1.2,2.5,0.48,0.543,0.7,1.1,0.681,0.8,1.7,2.5,1.6,1.1,0.2,1.0,2.4,7.4,12654321.0
Lonzo Ball,27.0,CHI,PG,35.0,14.0,22.2,2.5,6.9,0.366,1.9,5.6,0.344,0.6,1.4,0.458,0.504,0.6,0.8,0.815,0.7,2.7,3.4,3.3,1.3,0.5,1.2,1.6,7.6,21395348.0
De'Anthony Melton,26.0,GSW,SG,6.0,2.0,20.2,3.7,9.0,0.407,2.2,5.8,0.371,1.5,3.2,0.474,0.528,0.8,1.3,0.625,1.0,2.3,3.3,2.8,1.2,0.3,1.7,3.0,10.3,12822000.0
Coby White,24.0,CHI,SG,74.0,73.0,33.1,6.9,15.1,0.453,2.9,7.9,0.37,3.9,7.3,0.544,0.55,3.7,4.1,0.902,0.3,3.4,3.7,4.5,0.9,0.2,2.4,2.1,20.4,12000000.0
Branden Carlson,25.0,OKC,C,32.0,0.0,7.7,1.3,3.0,0.443,0.7,2.1,0.333,0.7,1.0,0.677,0.557,0.4,0.6,0.778,0.5,1.2,1.7,0.4,0.2,0.7,0.2,0.7,3.8,795038.0
Desmond Bane,26.0,MEM,SG,69.0,68.0,32.0,7.1,14.8,0.484,2.4,6.1,0.392,4.8,8.7,0.548,0.565,2.6,2.9,0.894,0.9,5.2,6.1,5.3,1.2,0.4,2.4,2.4,19.2,34005250.0
Lauri Markkanen,27.0,UTA,PF,47.0,47.0,31.4,6.3,14.9,0.423,2.9,8.5,0.346,3.4,6.4,0.525,0.521,3.4,3.9,0.876,1.5,4.4,5.9,1.5,0.7,0.4,1.4,1.7,19.0,42176400.0
Quincy Olivari,23.0,LAL,PG,2.0,0.0,5.0,0.5,2.5,0.2,0.5,2.5,0.2,0.0,0.0,,0.3,0.0,0.0,,0.0,0.0,0.0,0.5,0.0,0.0,0.5,0.0,1.5,578577.0
Andre Drummond,31.0,PHI,C,40.0,23.0,18.8,2.9,5.9,0.5,0.1,0.5,0.15,2.9,5.4,0.533,0.506,1.4,2.3,0.622,2.7,5.0,7.8,0.9,1.0,0.5,1.4,2.4,7.3,5000000.0
Bogdan Bogdanovic,32.0,2TM,SG,108.0,8.0,24.96666666666667,3.866666666666667,9.1,0.424,1.9000000000000001,5.433333333333334,0.36366666666666664,1.9000000000000001,3.766666666666667,0.515,0.5303333333333334,1.1,1.2333333333333332,0.8786666666666667,0.43333333333333335,2.5,2.933333333333333,2.6333333333333333,0.7666666666666666,0.2333333333333333,1.3666666666666665,2.3666666666666667,10.733333333333334,17260000.0
Damian Lillard,34.0,MIL,PG,58.0,58.0,36.1,7.7,17.1,0.448,3.4,9.0,0.376,4.3,8.1,0.528,0.547,6.2,6.8,0.921,0.5,4.2,4.7,7.1,1.2,0.2,2.8,1.7,24.9,48787676.0
Oso Ighodaro,22.0,PHO,PF,61.0,6.0,17.1,1.9,3.1,0.604,0.0,0.0,0.0,1.9,3.0,0.611,0.604,0.5,0.8,0.58,1.1,2.6,3.6,1.2,0.5,0.5,0.6,1.7,4.2,1862265.0
Josh Hart,29.0,NYK,SG,77.0,77.0,37.6,5.2,10.0,0.525,1.1,3.3,0.333,4.2,6.7,0.618,0.579,2.1,2.7,0.776,2.1,7.5,9.6,5.9,1.5,0.4,2.1,2.6,13.6,18144000.0
Tyus Jones,28.0,PHO,PG,81.0,58.0,26.8,3.8,8.4,0.448,2.0,5.0,0.414,1.7,3.5,0.496,0.57,0.6,0.7,0.895,0.5,1.9,2.4,5.3,0.9,0.1,1.1,0.8,10.2,3003427.0
Cade Cunningham,23.0,DET,PG,70.0,70.0,35.0,9.8,20.8,0.469,2.1,6.0,0.356,7.6,14.8,0.515,0.521,4.5,5.3,0.846,0.8,5.3,6.1,9.1,1.0,0.8,4.4,2.8,26.1,13940809.0
Kevin Knox,25.0,GSW,SF,14.0,0.0,6.0,1.3,2.6,0.5,0.3,1.1,0.267,1.0,1.5,0.667,0.556,0.4,0.6,0.75,0.5,0.7,1.2,0.4,0.1,0.3,0.3,0.4,3.3,660790.0
Isaiah Jackson,23.0,IND,C,5.0,1.0,16.8,2.8,4.6,0.609,0.0,0.0,,2.8,4.6,0.609,0.609,1.4,2.8,0.5,2.2,3.4,5.6,1.0,0.6,1.6,1.0,2.8,7.0,4435380.0
Amen Thompson,22.0,HOU,SF,69.0,42.0,32.2,5.6,10.1,0.557,0.4,1.3,0.275,5.3,8.8,0.599,0.575,2.4,3.6,0.684,2.8,5.4,8.2,3.8,1.4,1.3,2.0,2.4,14.1,9249748.0
Tyler Herro,25.0,MIA,SG,77.0,77.0,35.4,8.5,17.9,0.472,3.3,8.7,0.375,5.2,9.2,0.565,0.563,3.7,4.2,0.878,0.5,4.7,5.2,5.5,0.9,0.2,2.6,1.1,23.9,29000000.0
Scottie Barnes,23.0,TOR,PF,65.0,65.0,32.8,7.3,16.4,0.446,1.2,4.3,0.271,6.1,12.0,0.508,0.482,3.5,4.6,0.755,1.7,6.0,7.7,5.8,1.4,1.0,2.8,1.7,19.3,10130980.0
MarJon Beauchamp,24.0,3TM,SF,70.0,0.0,4.425,0.8999999999999999,1.95,0.456,0.37499999999999994,0.8500000000000001,0.38625,0.575,1.075,0.5155000000000001,0.5407500000000001,0.5249999999999999,0.7750000000000001,0.75,0.39999999999999997,0.8499999999999999,1.25,0.37499999999999994,0.1,0.0,0.35,0.45,2.7,2865623.0
Marcus Bagley,23.0,PHI,SF,10.0,4.0,25.3,2.7,6.9,0.391,0.5,3.2,0.156,2.2,3.7,0.595,0.428,0.8,1.0,0.8,2.3,4.7,7.0,1.0,0.9,1.2,0.7,1.6,6.7,126356.0
Chris Livingston,21.0,MIL,SF,21.0,1.0,5.0,0.4,1.3,0.333,0.0,0.4,0.0,0.4,0.9,0.474,0.333,0.6,0.8,0.75,0.5,1.2,1.7,0.2,0.2,0.0,0.3,0.4,1.4,1891857.0
DeMar DeRozan,35.0,SAC,SF,77.0,77.0,35.9,8.1,17.0,0.477,1.1,3.3,0.328,7.0,13.7,0.513,0.509,4.9,5.7,0.857,0.6,3.2,3.9,4.4,0.8,0.4,1.4,1.9,22.2,23400000.0
Tony Bradley,27.0,IND,C,14.0,0.0,8.1,2.1,3.2,0.644,0.1,0.2,0.333,2.0,3.0,0.667,0.656,0.1,0.4,0.333,1.3,1.7,3.0,0.4,0.1,0.6,0.4,0.8,4.4,635312.0
Reggie Jackson,34.0,PHI,PG,31.0,1.0,12.4,1.7,4.3,0.391,0.8,2.4,0.338,0.9,1.9,0.458,0.485,0.2,0.3,0.778,0.3,1.1,1.4,1.5,0.5,0.1,0.5,1.1,4.4,5250000.0
Nikola Vucevic,34.0,CHI,C,73.0,72.0,31.2,7.5,14.2,0.53,1.8,4.4,0.402,5.8,9.8,0.587,0.592,1.6,2.0,0.805,2.4,7.6,10.1,3.5,0.8,0.7,1.6,2.2,18.5,20000000.0
Keon Johnson,22.0,BRK,SG,79.0,56.0,24.4,3.8,9.9,0.389,1.6,5.1,0.314,2.2,4.8,0.468,0.47,1.4,1.8,0.77,0.8,3.0,3.8,2.2,1.0,0.4,1.5,2.6,10.6,2162606.0
Ben Sheppard,23.0,IND,SG,63.0,9.0,19.5,1.9,4.6,0.418,1.1,3.2,0.342,0.8,1.4,0.591,0.537,0.4,0.4,0.889,0.7,2.1,2.8,1.3,0.6,0.2,0.3,2.0,5.3,2664031.0
Braxton Key,27.0,GSW,SF,3.0,0.0,3.7,0.0,1.3,0.0,0.0,0.3,0.0,0.0,1.0,0.0,0.0,1.0,2.0,0.5,0.3,0.3,0.7,0.0,0.7,0.0,0.3,0.0,1.0,129415.0
James Johnson,37.0,IND,PF,12.0,0.0,3.1,0.3,0.9,0.364,0.0,0.3,0.0,0.3,0.7,0.5,0.364,0.0,0.1,0.0,0.0,0.5,0.5,0.3,0.0,0.2,0.3,0.4,0.7,3303771.0
Julian Phillips,21.0,CHI,SF,79.0,5.0,14.2,1.6,3.6,0.446,0.6,1.9,0.327,1.0,1.7,0.582,0.533,0.8,1.0,0.789,0.8,1.3,2.1,0.5,0.5,0.3,0.3,1.4,4.6,1891857.0
Goga Bitadze,25.0,ORL,C,70.0,42.0,20.4,3.0,4.8,0.611,0.0,0.4,0.107,2.9,4.4,0.656,0.615,1.2,1.9,0.639,2.4,4.2,6.6,2.0,0.7,1.4,1.0,2.1,7.2,9057971.0
De'Andre Hunter,27.0,2TM,SF,128.0,18.0,27.0,5.533333333333334,11.733333333333334,0.472,2.433333333333333,6.0,0.408,3.0666666666666664,5.733333333333333,0.5393333333333333,0.5763333333333334,3.3000000000000003,3.9000000000000004,0.8416666666666667,0.6666666666666666,3.3666666666666667,4.033333333333334,1.4000000000000001,0.7666666666666666,0.20000000000000004,1.2666666666666668,2.433333333333333,16.766666666666666,21696429.0
Bol Bol,25.0,PHO,PF,36.0,10.0,12.4,2.7,5.1,0.525,0.9,2.6,0.344,1.8,2.5,0.711,0.612,0.6,0.7,0.769,0.6,2.3,2.9,0.6,0.3,0.7,0.6,0.6,6.8,2425403.0
Clint Capela,30.0,ATL,C,55.0,41.0,21.4,4.0,7.1,0.559,0.0,0.0,0.0,4.0,7.1,0.56,0.559,0.9,1.8,0.536,3.2,5.4,8.5,1.1,0.6,1.0,0.9,1.9,8.9,22265280.0
De'Aaron Fox,27.0,2TM,PG,124.0,124.0,35.699999999999996,8.433333333333332,18.3,0.4593333333333333,1.8,6.033333333333334,0.302,6.6000000000000005,12.266666666666666,0.5373333333333333,0.5093333333333333,4.066666666666666,4.933333333333334,0.8249999999999998,0.7999999999999999,3.9,4.7,6.3999999999999995,1.5,0.3666666666666667,2.733333333333333,2.6333333333333333,22.733333333333334,34848340.0
Jackson Rowe,28.0,GSW,PF,6.0,0.0,8.7,1.3,2.8,0.471,0.5,1.7,0.3,0.8,1.2,0.714,0.559,0.5,1.0,0.5,0.5,1.3,1.8,0.7,0.7,0.0,0.2,0.7,3.7,244502.0
Rayan Rupert,20.0,POR,SG,52.0,0.0,8.8,1.1,2.7,0.408,0.3,1.1,0.271,0.8,1.6,0.506,0.465,0.4,0.6,0.767,0.5,0.8,1.3,0.5,0.3,0.1,0.6,0.7,3.0,1891857.0
Ziaire Williams,23.0,BRK,SF,63.0,45.0,24.5,3.4,8.3,0.412,1.6,4.8,0.341,1.8,3.5,0.509,0.511,1.6,2.0,0.821,1.0,3.6,4.6,1.3,1.0,0.4,1.1,2.4,10.0,6133005.0
Shake Milton,28.0,2TM,SG,114.0,4.0,14.799999999999999,2.033333333333333,4.5,0.4503333333333333,0.6666666666666666,1.8999999999999997,0.347,1.3999999999999997,2.6,0.519,0.5223333333333334,0.8000000000000002,1.0333333333333334,0.8003333333333335,0.5333333333333333,1.3,1.8333333333333333,1.8333333333333333,0.43333333333333335,0.06666666666666667,0.6999999999999998,1.2,5.6000000000000005,2875000.0
Zeke Nnaji,24.0,DEN,PF,57.0,4.0,10.7,1.2,2.5,0.496,0.3,0.9,0.327,0.9,1.6,0.596,0.557,0.5,0.8,0.614,0.6,1.0,1.6,0.4,0.4,0.7,0.2,1.1,3.2,8888889.0
Kelly Olynyk,33.0,2TM,C,88.0,44.0,20.566666666666666,3.1,6.166666666666667,0.5,0.7666666666666666,1.8,0.4163333333333334,2.3666666666666667,4.366666666666667,0.5340000000000001,0.5633333333333334,1.9333333333333333,2.533333333333333,0.7713333333333333,1.4333333333333333,3.3333333333333335,4.766666666666667,2.933333333333333,0.7999999999999999,0.4333333333333333,1.7666666666666668,2.8333333333333335,8.833333333333334,12804878.0
Anthony Black,21.0,ORL,PG,78.0,10.0,24.2,3.4,7.9,0.423,0.8,2.5,0.318,2.6,5.4,0.471,0.473,1.9,2.5,0.761,0.7,2.3,2.9,3.1,1.1,0.6,1.8,2.1,9.4,7607754.0
Moses Brown,25.0,2TM,C,26.0,4.0,10.866666666666667,3.1,4.433333333333334,0.6893333333333332,0.0,0.0,,3.1,4.433333333333334,0.6893333333333332,0.6893333333333332,0.7333333333333334,0.9666666666666667,0.7200000000000001,1.0999999999999999,3.1,4.2,0.2333333333333333,0.5666666666666667,0.4000000000000001,0.9333333333333332,1.5999999999999999,6.933333333333334,446051.0
Nick Richards,27.0,2TM,C,114.0,86.0,21.900000000000002,3.5,6.0,0.5856666666666667,0.0,0.0,0.0,3.5,5.966666666666666,0.5893333333333333,0.5856666666666667,2.2,2.9666666666666663,0.7480000000000001,2.566666666666667,5.533333333333334,8.1,0.9333333333333335,0.2333333333333333,1.0,1.4333333333333333,2.466666666666667,9.233333333333334,5000000.0
Antonio Reeves,24.0,NOP,SG,44.0,6.0,15.0,2.6,5.6,0.456,1.2,2.9,0.395,1.4,2.7,0.521,0.558,0.6,0.8,0.8,0.4,1.0,1.4,0.9,0.5,0.1,0.7,0.9,6.9,1157153.0
Vasilije Micic,31.0,2TM,PG,82.0,32.0,14.833333333333334,1.6333333333333335,4.766666666666667,0.348,0.8000000000000002,2.1666666666666665,0.36,0.8666666666666666,2.5666666666666664,0.338,0.43,0.5666666666666668,0.7000000000000001,0.829,0.3666666666666667,1.3333333333333333,1.6666666666666667,2.2666666666666666,0.26666666666666666,0.0,1.5333333333333332,0.8333333333333334,4.7,7723000.0
Evan Mobley,23.0,CLE,PF,71.0,71.0,30.5,7.1,12.8,0.557,1.2,3.2,0.37,5.9,9.5,0.621,0.604,3.1,4.3,0.725,2.3,7.0,9.3,3.2,0.9,1.6,2.0,2.0,18.5,11227657.0
Caleb Martin,29.0,2TM,SF,90.0,48.0,25.7,2.733333333333333,6.466666666666666,0.416,0.7333333333333334,2.0666666666666664,0.3293333333333333,1.9666666666666668,4.3999999999999995,0.452,0.4693333333333333,1.3333333333333333,2.1,0.623,1.0999999999999999,2.6666666666666665,3.733333333333334,2.066666666666667,1.0,0.43333333333333335,1.1666666666666665,1.8666666666666665,7.466666666666666,9186594.0
Devin Vassell,24.0,SAS,SG,64.0,53.0,31.0,6.2,13.9,0.443,2.5,6.7,0.368,3.7,7.2,0.513,0.532,1.5,1.9,0.792,0.5,3.5,4.0,2.9,1.3,0.5,1.4,1.7,16.3,29347826.0
Ausar Thompson,22.0,DET,SF,59.0,48.0,22.5,4.2,7.8,0.535,0.2,0.8,0.224,4.0,7.0,0.572,0.547,1.5,2.4,0.641,1.9,3.3,5.1,2.3,1.7,0.7,1.4,2.8,10.1,8376291.0
Tyler Smith,20.0,MIL,PF,23.0,0.0,5.3,1.0,2.2,0.48,0.6,1.3,0.433,0.5,0.9,0.55,0.61,0.3,0.3,0.75,0.3,0.8,1.1,0.2,0.1,0.2,0.3,0.5,2.9,1157153.0
Zach Collins,27.0,2TM,PF,128.0,24.0,15.6,2.4666666666666663,4.833333333333333,0.5033333333333334,0.5,1.7,0.302,1.9333333333333336,3.1333333333333333,0.6123333333333334,0.5563333333333333,1.1333333333333333,1.2333333333333334,0.8849999999999999,1.6666666666666667,3.0333333333333337,4.666666666666667,1.7333333333333332,0.4666666666666666,0.4666666666666666,0.9333333333333332,2.066666666666667,6.533333333333334,16741200.0
Markieff Morris,35.0,2TM,PF,30.0,4.0,10.799999999999999,1.3666666666666665,4.6000000000000005,0.2866666666666667,0.6,2.4,0.236,0.7666666666666667,2.233333333333333,0.3486666666666666,0.34766666666666673,0.3,0.4000000000000001,0.833,0.20000000000000004,1.3,1.5,1.3666666666666665,0.10000000000000002,0.20000000000000004,0.3333333333333333,1.0666666666666667,3.6333333333333333,3303771.0
Rob Dillingham,20.0,MIN,PG,49.0,1.0,10.5,1.9,4.3,0.441,0.5,1.5,0.338,1.4,2.8,0.496,0.5,0.2,0.3,0.533,0.2,0.8,1.0,2.0,0.4,0.0,1.1,0.8,4.5,6262920.0
Al Horford,38.0,BOS,C,60.0,42.0,27.7,3.3,7.7,0.423,1.9,5.2,0.363,1.4,2.5,0.551,0.547,0.6,0.6,0.895,1.3,4.8,6.2,2.1,0.6,0.9,0.8,1.4,9.0,9500000.0
Elijah Harkless,24.0,UTA,SG,10.0,0.0,13.8,1.1,3.5,0.314,0.7,2.5,0.28,0.4,1.0,0.4,0.414,0.3,0.6,0.5,0.9,1.2,2.1,0.8,1.0,0.1,0.3,1.8,3.2,331365.0
Garrett Temple,38.0,TOR,SG,28.0,0.0,8.1,0.6,2.1,0.3,0.2,1.0,0.214,0.4,1.1,0.375,0.35,0.4,0.4,0.917,0.3,0.7,1.0,1.1,0.6,0.1,0.4,0.8,1.9,3303771.0
John Konchar,28.0,MEM,SG,46.0,4.0,12.1,0.9,2.0,0.451,0.5,1.3,0.371,0.4,0.6,0.621,0.577,0.2,0.2,0.875,0.8,2.5,3.3,0.9,0.7,0.3,0.3,0.7,2.4,6165000.0
Khris Middleton,33.0,2TM,SF,74.0,42.0,22.7,4.233333333333333,9.1,0.4666666666666666,1.2333333333333332,3.566666666666667,0.34833333333333333,3.0,5.5,0.5423333333333333,0.535,2.0,2.3333333333333335,0.8576666666666667,0.4000000000000001,3.3333333333333335,3.7000000000000006,3.966666666666667,0.9666666666666668,0.20000000000000004,1.5,1.9666666666666668,11.733333333333334,31000000.0
Zyon Pullin,23.0,MEM,SG,3.0,0.0,1.0,0.0,0.3,0.0,0.0,0.0,,0.0,0.3,0.0,0.0,0.0,0.0,,0.0,0.0,0.0,0.0,0.0,0.0,0.0,0.0,0.0,379911.0
Malik Beasley,28.0,DET,SG,82.0,18.0,27.8,5.6,13.1,0.43,3.9,9.3,0.416,1.7,3.7,0.466,0.579,1.2,1.7,0.679,0.6,2.0,2.6,1.7,0.9,0.1,1.0,1.5,16.3,6000000.0
Ivica Zubac,27.0,LAC,C,80.0,80.0,32.8,7.4,11.8,0.628,0.0,0.0,,7.4,11.8,0.628,0.628,2.0,3.0,0.661,3.8,8.9,12.6,2.7,0.7,1.1,1.6,2.1,16.8,11743210.0
Aaron Holiday,28.0,HOU,PG,62.0,3.0,12.8,1.9,4.3,0.437,1.2,2.9,0.398,0.7,1.4,0.517,0.571,0.5,0.7,0.829,0.2,1.0,1.3,1.3,0.3,0.2,0.6,1.0,5.5,4668000.0
Alex Caruso,30.0,OKC,SG,54.0,3.0,19.3,2.6,5.8,0.446,1.1,3.1,0.353,1.5,2.7,0.556,0.541,0.8,0.9,0.824,0.7,2.2,2.9,2.5,1.6,0.6,0.7,1.9,7.1,9890000.0
Isaiah Hartenstein,26.0,OKC,C,57.0,53.0,27.9,4.9,8.4,0.581,0.0,0.3,0.0,4.9,8.1,0.605,0.581,1.4,2.1,0.675,2.9,7.9,10.7,3.8,0.8,1.1,1.7,3.0,11.2,30000000.0
Phillip Wheeler,22.0,PHI,PF,5.0,0.0,8.8,0.6,4.2,0.143,0.0,2.0,0.0,0.6,2.2,0.273,0.143,0.4,0.4,1.0,0.4,1.2,1.6,0.4,0.2,0.4,0.2,0.2,1.6,66503.0
Joel Embiid,30.0,PHI,C,19.0,19.0,30.2,7.4,16.6,0.444,1.2,4.1,0.299,6.2,12.5,0.492,0.481,7.8,8.9,0.882,1.9,6.3,8.2,4.5,0.7,0.9,3.3,2.2,23.8,51415938.0
Quenton Jackson,26.0,IND,PG,28.0,7.0,13.6,2.1,4.4,0.475,0.5,1.4,0.375,1.5,2.9,0.524,0.537,1.1,1.4,0.775,0.5,1.1,1.6,1.9,0.8,0.2,0.6,1.5,5.8,578577.0
Jae'Sean Tate,29.0,HOU,SF,52.0,2.0,11.3,1.3,2.8,0.473,0.3,0.9,0.348,1.0,2.0,0.529,0.527,0.6,0.9,0.681,1.0,1.3,2.3,0.9,0.5,0.1,0.4,1.6,3.6,7565217.0
Giannis Antetokounmpo,30.0,MIL,PF,67.0,67.0,34.2,11.8,19.7,0.601,0.2,0.9,0.222,11.6,18.7,0.62,0.607,6.5,10.6,0.617,2.2,9.7,11.9,6.5,0.9,1.2,3.1,2.3,30.4,48787676.0
Terance Mann,28.0,2TM,SG,134.0,26.0,21.200000000000003,3.1333333333333333,6.266666666666667,0.49433333333333335,0.9,2.4333333333333336,0.367,2.1999999999999997,3.733333333333333,0.578,0.567,0.6999999999999998,1.0333333333333332,0.6923333333333334,1.0333333333333332,1.9666666666666668,3.0,1.8333333333333333,0.7000000000000001,0.19999999999999998,0.6999999999999998,1.9000000000000001,7.833333333333333,11423077.0
Mouhamed Gueye,22.0,ATL,PF,33.0,28.0,16.2,2.2,5.2,0.421,0.6,2.5,0.259,1.5,2.7,0.567,0.482,1.0,1.3,0.762,1.3,2.9,4.2,0.8,0.8,1.0,0.5,1.7,6.0,1891857.0
Jose Alvarado,26.0,NOP,PG,56.0,23.0,24.4,3.6,9.3,0.392,2.0,5.5,0.359,1.7,3.8,0.439,0.498,1.1,1.3,0.811,0.5,1.9,2.4,4.6,1.3,0.3,1.5,1.6,10.3,1988598.0
Oscar Tshiebwe,25.0,UTA,C,14.0,1.0,18.2,3.0,5.0,0.6,0.0,0.0,,3.0,5.0,0.6,0.6,1.6,2.2,0.742,3.3,5.4,8.7,0.6,0.9,0.1,0.7,1.7,7.6,578577.0
Drew Peterson,25.0,BOS,PF,25.0,1.0,7.4,0.7,1.6,0.415,0.5,1.3,0.394,0.2,0.3,0.5,0.573,0.3,0.4,0.778,0.4,1.2,1.6,0.5,0.2,0.1,0.3,0.7,2.2,578577.0
AJ Johnson,20.0,2TM,SG,58.0,22.0,18.433333333333334,2.433333333333333,6.266666666666667,0.39566666666666667,0.7333333333333334,2.5666666666666664,0.3713333333333333,1.7,3.733333333333333,0.4383333333333333,0.459,0.8666666666666667,1.0666666666666667,0.7503333333333333,0.2333333333333333,1.5999999999999999,1.8,2.2333333333333334,0.3333333333333333,0.06666666666666667,1.0666666666666667,1.3333333333333333,6.533333333333334,2795294.0
Tristan Thompson,33.0,CLE,C,40.0,0.0,8.2,0.8,1.8,0.437,0.0,0.1,0.0,0.8,1.7,0.456,0.437,0.2,0.8,0.233,0.8,2.6,3.4,0.6,0.1,0.3,0.4,0.9,1.7,3303771.0
Steven Adams,31.0,HOU,C,58.0,3.0,13.7,1.6,2.9,0.545,0.0,0.0,0.0,1.6,2.8,0.552,0.545,0.7,1.6,0.462,2.9,2.8,5.6,1.1,0.4,0.5,0.9,1.0,3.9,12600000.0
OG Anunoby,27.0,NYK,PF,74.0,74.0,36.6,6.6,13.9,0.476,2.3,6.2,0.372,4.3,7.7,0.561,0.559,2.5,3.1,0.81,1.3,3.5,4.8,2.2,1.5,0.9,1.4,2.3,18.0,36637932.0
Bruno Fernando,26.0,TOR,C,17.0,2.0,8.6,1.5,2.9,0.531,0.0,0.0,,1.5,2.9,0.531,0.531,0.4,0.5,0.75,1.2,1.8,3.0,1.1,0.2,0.5,0.8,1.6,3.4,1115128.0
Adam Flagler,25.0,OKC,SG,37.0,0.0,5.5,0.7,2.6,0.26,0.4,1.9,0.194,0.3,0.6,0.458,0.333,0.0,0.1,0.5,0.2,0.5,0.7,0.3,0.2,0.1,0.1,0.4,1.8,578577.0
Trayce Jackson-Davis,24.0,GSW,C,62.0,37.0,15.6,2.8,4.9,0.576,0.0,0.0,0.0,2.8,4.8,0.582,0.576,1.0,1.6,0.578,2.0,3.0,5.0,1.7,0.4,0.6,0.7,1.2,6.6,1891857.0
Adama Sanogo,22.0,CHI,C,4.0,0.0,5.3,1.0,1.8,0.571,0.0,0.0,,1.0,1.8,0.571,0.571,0.0,0.0,,1.3,0.3,1.5,0.3,0.0,0.0,0.3,0.3,2.0,578577.0
Marcus Garrett,26.0,CHO,SG,4.0,0.0,19.8,2.8,6.8,0.407,0.8,2.0,0.375,2.0,4.8,0.421,0.463,0.8,1.0,0.75,0.3,1.3,1.5,3.3,0.8,0.5,1.5,2.5,7.0,107027.0
Jordan Poole,25.0,WAS,SG,68.0,68.0,29.4,6.7,15.5,0.432,3.5,9.1,0.378,3.3,6.4,0.51,0.544,3.6,4.0,0.883,0.5,2.5,3.0,4.5,1.3,0.4,3.0,3.0,20.5,29651786.0
Domantas Sabonis,28.0,SAC,C,70.0,70.0,34.7,7.5,12.8,0.59,0.9,2.2,0.417,6.6,10.5,0.627,0.627,3.1,4.1,0.754,3.8,10.1,13.9,6.0,0.7,0.4,2.9,3.3,19.1,40500000.0
Franz Wagner,23.0,ORL,SF,60.0,60.0,33.7,9.0,19.4,0.463,1.7,5.9,0.295,7.2,13.5,0.535,0.507,4.5,5.2,0.871,0.9,4.8,5.7,4.7,1.3,0.4,2.3,2.5,24.2,7007092.0
Toumani Camara,24.0,POR,PF,78.0,78.0,32.7,4.2,9.2,0.458,1.7,4.6,0.375,2.5,4.6,0.542,0.552,1.2,1.6,0.722,2.2,3.6,5.8,2.2,1.5,0.6,1.4,2.9,11.3,1891857.0
Jalen Brunson,28.0,NYK,PG,65.0,65.0,35.4,9.0,18.5,0.488,2.3,6.1,0.383,6.7,12.4,0.539,0.551,5.7,6.9,0.821,0.4,2.5,2.9,7.3,0.9,0.1,2.5,2.1,26.0,24960001.0
Orlando Robinson,24.0,2TM,C,88.0,16.0,14.733333333333334,2.1666666666666665,4.933333333333334,0.4343333333333333,0.3333333333333333,1.0333333333333332,0.289,1.9000000000000001,3.9,0.482,0.46599999999999997,1.0,1.4000000000000001,0.7120000000000001,1.5999999999999999,2.533333333333333,4.166666666666667,1.5666666666666664,0.3666666666666667,0.3,0.9333333333333332,1.9000000000000001,5.7,1764727.0
Cam Reddish,25.0,LAL,SF,33.0,8.0,17.8,1.2,2.8,0.404,0.4,1.4,0.277,0.8,1.4,0.532,0.473,0.5,0.8,0.615,0.5,1.5,2.0,0.7,1.0,0.3,0.4,1.3,3.2,2463946.0
Monte Morris,29.0,PHO,PG,45.0,0.0,12.7,1.8,4.3,0.426,0.7,1.9,0.36,1.2,2.4,0.477,0.505,0.8,0.9,0.857,0.3,1.2,1.5,1.6,0.4,0.1,0.5,0.5,5.2,2800834.0
JD Davison,22.0,BOS,PG,16.0,0.0,5.8,0.8,2.1,0.353,0.3,1.1,0.222,0.5,1.0,0.5,0.412,0.3,0.4,0.714,0.1,0.7,0.8,0.8,0.3,0.1,0.8,0.1,2.1,571779.0
Colin Castleton,24.0,3TM,C,52.0,8.0,16.75,1.8250000000000002,3.8499999999999996,0.41725,0.07500000000000001,0.625,0.09375,1.75,3.225,0.5015000000000001,0.424,1.125,1.5,0.76525,2.1500000000000004,2.825,4.975,1.175,0.275,0.35,0.775,2.025,4.825,955125.0
Immanuel Quickley,25.0,TOR,PG,33.0,33.0,27.8,5.6,13.3,0.42,2.6,6.8,0.378,3.0,6.5,0.465,0.517,3.4,3.9,0.867,0.5,3.1,3.5,5.8,0.7,0.1,1.8,1.8,17.1,32500000.0
Trey Alexander,21.0,DEN,SG,24.0,0.0,4.9,0.5,1.7,0.317,0.1,0.7,0.176,0.4,1.0,0.417,0.354,0.1,0.2,0.75,0.0,0.5,0.5,0.5,0.1,0.0,0.2,0.4,1.3,578577.0
Kentavious Caldwell-Pope,31.0,ORL,SG,77.0,77.0,29.6,3.1,7.1,0.439,1.5,4.3,0.342,1.6,2.8,0.589,0.543,1.1,1.2,0.863,0.4,1.8,2.2,1.8,1.3,0.4,0.8,1.8,8.7,22757000.0
Ochai Agbaji,24.0,TOR,SG,64.0,45.0,27.2,4.2,8.3,0.498,1.6,4.0,0.399,2.6,4.4,0.587,0.593,0.5,0.8,0.708,1.0,2.8,3.8,1.5,0.9,0.5,0.8,2.0,10.4,4310280.0
Quinten Post,24.0,GSW,PF,42.0,14.0,16.3,2.9,6.5,0.449,1.7,4.3,0.408,1.2,2.3,0.526,0.582,0.5,0.6,0.778,0.8,2.7,3.5,1.3,0.4,0.4,0.8,2.0,8.1,789588.0
Leonard Miller,21.0,MIN,SF,13.0,0.0,2.5,0.5,1.2,0.4,0.0,0.4,0.0,0.5,0.8,0.6,0.4,0.6,0.6,1.0,0.2,0.6,0.8,0.0,0.2,0.1,0.2,0.2,1.5,1891857.0
Jalen Green,22.0,HOU,SG,82.0,82.0,32.9,7.4,17.5,0.423,2.9,8.1,0.354,4.6,9.5,0.482,0.505,3.3,4.1,0.813,0.5,4.0,4.6,3.4,0.9,0.3,2.5,1.5,21.0,12483048.0
Kobe Bufkin,21.0,ATL,SG,10.0,0.0,12.4,1.8,4.7,0.383,0.4,1.9,0.211,1.4,2.8,0.5,0.426,1.3,1.8,0.722,0.5,1.6,2.1,1.7,0.3,0.2,0.8,0.9,5.3,4298956.0
Cui Yongxi,21.0,BRK,SG,5.0,0.0,2.0,0.2,1.4,0.143,0.0,0.6,0.0,0.2,0.8,0.25,0.143,0.2,0.4,0.5,0.0,0.4,0.4,0.0,0.0,0.0,0.0,0.0,0.6,176943.0
Colby Jones,22.0,2TM,SG,78.0,0.0,14.766666666666666,1.7333333333333334,3.766666666666667,0.4486666666666667,0.46666666666666673,1.4333333333333336,0.34500000000000003,1.2666666666666666,2.3666666666666667,0.513,0.5143333333333334,0.7000000000000001,1.0666666666666667,0.657,0.5666666666666668,1.8999999999999997,2.5,1.3,0.7666666666666666,0.3333333333333333,0.6666666666666666,1.0,4.6,2120693.0
Chris Paul,39.0,SAS,PG,82.0,82.0,28.0,3.0,7.1,0.427,1.7,4.5,0.377,1.3,2.6,0.514,0.547,1.0,1.1,0.924,0.4,3.2,3.6,7.4,1.3,0.3,1.6,1.8,8.8,10460000.0
Haywood Highsmith,28.0,MIA,SF,74.0,42.0,24.6,2.4,5.3,0.458,1.2,3.1,0.382,1.2,2.1,0.57,0.572,0.4,0.6,0.721,1.0,2.4,3.4,1.5,0.9,0.5,0.7,2.2,6.5,5200000.0
Jaylen Clark,23.0,MIN,SG,40.0,4.0,13.1,1.4,3.0,0.467,0.6,1.3,0.431,0.9,1.7,0.493,0.558,0.7,0.9,0.784,0.7,0.7,1.3,0.7,0.9,0.1,0.2,1.5,4.1,907334.0
Ajay Mitchell,22.0,OKC,SG,36.0,1.0,16.6,2.5,5.1,0.495,0.6,1.7,0.383,1.9,3.4,0.548,0.557,0.8,1.0,0.829,0.5,1.4,1.9,1.8,0.7,0.1,0.8,1.9,6.5,3347451.0
Jeff Dowtin,27.0,PHI,PG,41.0,3.0,15.1,2.7,5.6,0.487,0.7,1.7,0.4,2.0,3.9,0.525,0.548,0.8,1.1,0.733,0.3,1.2,1.5,1.9,0.6,0.3,0.4,0.7,7.0,578577.0
Mitchell Robinson,26.0,NYK,C,17.0,3.0,17.1,2.2,3.3,0.661,0.0,0.0,,2.2,3.3,0.661,0.661,0.8,1.1,0.684,3.1,2.9,5.9,0.8,0.9,1.1,0.6,1.5,5.1,14318182.0
PJ Dozier,28.0,MIN,SG,9.0,0.0,3.9,0.2,0.3,0.667,0.2,0.3,0.667,0.0,0.0,,1.0,0.1,0.7,0.167,0.1,0.4,0.6,0.6,0.1,0.0,0.1,0.3,0.8,1051255.0
James Harden,35.0,LAC,PG,79.0,79.0,35.3,6.7,16.4,0.41,3.0,8.5,0.352,3.7,7.9,0.472,0.501,6.4,7.3,0.874,0.7,5.1,5.8,8.7,1.5,0.7,4.3,2.1,22.8,33653846.0
Christian Koloko,24.0,LAL,C,37.0,0.0,9.2,1.1,1.8,0.606,0.0,0.1,0.0,1.1,1.7,0.645,0.606,0.3,0.4,0.714,0.9,1.5,2.5,0.4,0.2,0.4,0.3,1.2,2.4,578577.0
Tre Jones,25.0,2TM,PG,92.0,18.0,20.366666666666664,3.0,5.533333333333334,0.5313333333333333,0.4333333333333333,1.0333333333333332,0.4013333333333333,2.566666666666667,4.433333333333334,0.5703333333333332,0.5716666666666667,1.2666666666666666,1.5333333333333332,0.8203333333333332,0.7000000000000001,1.8666666666666665,2.6,4.266666666666667,0.8333333333333334,0.2333333333333333,0.8000000000000002,1.2,7.7,9104167.0
Jesse Edwards,24.0,MIN,C,2.0,0.0,2.5,0.0,0.0,,0.0,0.0,,0.0,0.0,,,0.0,0.0,,0.0,0.0,0.0,0.5,0.0,0.0,0.0,1.0,0.0,578577.0
Johnny Furphy,20.0,IND,SG,50.0,0.0,7.6,0.7,1.8,0.38,0.3,1.0,0.3,0.4,0.8,0.476,0.462,0.4,0.4,0.818,0.5,1.0,1.4,0.4,0.4,0.2,0.2,0.8,2.1,1850842.0
Tyrese Martin,25.0,BRK,SG,60.0,11.0,21.9,3.2,7.8,0.406,1.7,4.7,0.351,1.5,3.1,0.492,0.513,0.8,1.0,0.793,1.0,2.7,3.7,2.0,0.6,0.2,1.2,1.3,8.7,959732.0
Bobby Portis,29.0,MIL,PF,49.0,7.0,25.4,5.7,12.1,0.466,1.3,3.6,0.365,4.3,8.5,0.508,0.52,1.2,1.5,0.836,1.8,6.6,8.4,2.1,0.7,0.5,1.2,1.9,13.9,12578286.0
Trae Young,26.0,ATL,PG,76.0,76.0,36.0,7.4,18.1,0.411,2.9,8.4,0.34,4.6,9.7,0.474,0.491,6.5,7.4,0.875,0.5,2.6,3.1,11.6,1.2,0.2,4.7,1.9,24.2,43031940.0
Mason Plumlee,34.0,PHO,C,74.0,21.0,17.6,1.7,2.7,0.619,0.0,0.1,0.0,1.7,2.7,0.631,0.619,1.1,1.7,0.648,1.6,4.6,6.1,1.8,0.4,0.6,0.8,2.1,4.5,3303771.0
Chuma Okeke,26.0,2TM,PF,18.0,6.0,19.566666666666666,1.9333333333333336,4.2,0.44366666666666665,1.0333333333333332,3.0666666666666664,0.3383333333333334,0.8666666666666667,1.1333333333333335,0.8256666666666667,0.564,0.16666666666666666,0.2333333333333333,0.667,1.8999999999999997,2.5666666666666664,4.433333333333334,1.5333333333333332,0.4333333333333333,0.43333333333333335,0.2333333333333333,0.4333333333333333,5.1000000000000005,372949.0
Emanuel Miller,24.0,CHI,PF,6.0,0.0,4.2,0.7,1.3,0.5,0.0,0.2,0.0,0.7,1.2,0.571,0.5,0.3,0.3,1.0,0.7,0.7,1.3,0.3,0.2,0.0,0.0,0.5,1.7,344234.0
Draymond Green,34.0,GSW,PF,68.0,66.0,29.2,3.2,7.5,0.424,1.2,3.6,0.325,2.0,3.9,0.517,0.503,1.5,2.2,0.687,1.1,5.0,6.1,5.6,1.5,1.0,2.6,3.2,9.0,24107143.0
Matisse Thybulle,27.0,POR,SG,15.0,5.0,20.8,2.8,5.9,0.477,1.4,3.2,0.438,1.4,2.7,0.525,0.597,0.5,1.0,0.467,0.9,2.5,3.5,1.9,2.2,0.6,0.9,0.9,7.5,11025000.0
Jonathan Kuminga,22.0,GSW,PF,47.0,10.0,24.3,5.5,12.1,0.454,1.0,3.2,0.305,4.5,8.9,0.508,0.495,3.3,5.0,0.668,1.2,3.4,4.6,2.2,0.8,0.4,1.5,1.9,15.3,7636307.0
Jaylon Tyson,22.0,CLE,SG,47.0,3.0,9.6,1.4,3.2,0.43,0.4,1.2,0.345,0.9,1.9,0.484,0.497,0.4,0.5,0.792,0.8,1.3,2.0,0.9,0.3,0.1,0.6,1.1,3.6,3326160.0
Nickeil Alexander-Walker,26.0,MIN,SG,82.0,10.0,25.3,3.3,7.5,0.438,1.7,4.5,0.381,1.6,3.0,0.524,0.553,1.1,1.4,0.78,0.7,2.6,3.2,2.7,0.6,0.4,1.2,1.7,9.4,4312500.0
Norman Powell,31.0,LAC,SG,60.0,60.0,32.6,7.6,15.8,0.484,3.0,7.1,0.418,4.6,8.6,0.538,0.578,3.6,4.4,0.804,0.4,2.8,3.2,2.1,1.2,0.2,1.8,1.9,21.8,19241379.0
Jaxson Hayes,24.0,LAL,C,56.0,35.0,19.5,2.9,4.0,0.722,0.0,0.1,0.0,2.9,3.9,0.732,0.722,1.1,1.8,0.622,1.4,3.4,4.8,1.0,0.6,0.9,0.8,2.4,6.8,2463946.0
Jaylen Nowell,25.0,NOP,SG,8.0,0.0,21.0,3.3,9.1,0.356,1.0,3.4,0.296,2.3,5.8,0.391,0.411,0.9,1.4,0.636,0.8,1.8,2.5,2.3,0.1,0.5,1.0,1.1,8.4,473929.0
Walker Kessler,23.0,UTA,C,58.0,58.0,30.0,4.8,7.2,0.663,0.1,0.6,0.176,4.7,6.6,0.706,0.671,1.4,2.6,0.52,4.6,7.6,12.2,1.7,0.6,2.4,1.5,2.2,11.1,2965920.0
Marcus Sasser,24.0,DET,PG,57.0,1.0,14.2,2.4,5.2,0.463,1.0,2.7,0.382,1.4,2.5,0.549,0.561,0.8,0.9,0.843,0.3,0.9,1.2,2.3,0.6,0.1,0.9,1.3,6.6,2755229.0
Jae Crowder,34.0,SAC,PF,9.0,2.0,11.4,0.8,2.4,0.318,0.4,1.7,0.267,0.3,0.8,0.429,0.409,0.6,0.7,0.833,0.7,1.6,2.2,0.7,0.3,0.0,0.4,1.1,2.6,2620232.0
Marcus Smart,30.0,2TM,PG,68.0,14.0,19.933333333333334,3.0,7.566666666666666,0.397,1.4000000000000001,4.066666666666667,0.3539999999999999,1.5666666666666664,3.466666666666667,0.4483333333333333,0.492,1.6000000000000003,2.1,0.7599999999999999,0.5,1.5999999999999999,2.1,3.1333333333333333,1.1333333333333333,0.26666666666666666,1.5666666666666667,1.5666666666666667,9.0,20210285.0
Karlo Matkovic,23.0,NOP,PF,42.0,7.0,18.8,3.2,5.6,0.574,0.5,1.6,0.318,2.7,4.0,0.675,0.619,0.8,1.0,0.773,1.5,3.5,5.0,1.1,0.5,1.0,1.0,2.5,7.7,1407153.0
Mikal Bridges,28.0,NYK,SF,82.0,82.0,37.0,7.2,14.4,0.5,2.0,5.6,0.354,5.2,8.8,0.594,0.57,1.2,1.4,0.814,0.9,2.3,3.2,3.7,0.9,0.5,1.6,1.5,17.6,23300000.0
Chris Boucher,32.0,TOR,PF,50.0,0.0,17.2,3.6,7.4,0.492,1.4,3.9,0.363,2.2,3.5,0.633,0.586,1.4,1.7,0.782,1.4,3.1,4.5,0.7,0.5,0.5,0.6,1.4,10.0,10810000.0
Kevon Looney,28.0,GSW,C,76.0,6.0,15.0,1.9,3.7,0.514,0.0,0.1,0.4,1.9,3.6,0.516,0.518,0.7,1.3,0.566,2.4,3.6,6.1,1.6,0.6,0.5,0.5,2.0,4.5,8000000.0
Justin Minaya,25.0,POR,SF,19.0,0.0,5.3,0.4,1.1,0.381,0.1,0.5,0.2,0.3,0.6,0.545,0.429,0.0,0.1,0.0,0.3,0.3,0.5,0.4,0.3,0.1,0.3,0.6,0.9,578577.0
Buddy Hield,32.0,GSW,SG,82.0,22.0,22.7,4.0,9.6,0.417,2.5,6.7,0.37,1.5,2.9,0.527,0.546,0.6,0.8,0.828,0.6,2.6,3.2,1.6,0.8,0.3,1.1,1.6,11.1,8780488.0
Terrence Shannon Jr.,24.0,MIN,SG,32.0,1.0,10.6,1.7,3.6,0.482,0.3,1.0,0.355,1.4,2.6,0.53,0.531,0.5,0.7,0.81,0.3,1.2,1.5,1.0,0.2,0.2,0.5,0.8,4.3,2546640.0
Cole Anthony,24.0,ORL,PG,67.0,22.0,18.4,3.4,8.1,0.424,1.1,3.3,0.353,2.3,4.9,0.471,0.494,1.4,1.7,0.823,0.7,2.4,3.0,2.9,0.7,0.5,1.5,2.3,9.4,12900000.0
Damion Lee,32.0,PHO,SG,25.0,0.0,5.8,1.1,3.0,0.365,0.4,1.5,0.243,0.7,1.5,0.486,0.426,0.8,0.8,0.952,0.1,0.7,0.8,0.4,0.2,0.0,0.4,0.2,3.3,2800834.0
Trendon Watford,24.0,BRK,PF,44.0,6.0,20.8,3.7,8.0,0.469,0.7,2.0,0.33,3.1,6.0,0.515,0.51,2.1,2.8,0.762,0.8,2.8,3.6,2.6,0.6,0.3,1.9,2.2,10.2,2726603.0
Aaron Gordon,29.0,DEN,PF,51.0,42.0,28.4,5.2,9.7,0.531,1.5,3.4,0.436,3.7,6.4,0.582,0.607,2.8,3.5,0.81,1.6,3.3,4.8,3.2,0.5,0.3,1.4,1.6,14.7,22841455.0
Josh Giddey,22.0,CHI,PG,70.0,69.0,30.2,5.3,11.4,0.465,1.5,4.0,0.378,3.8,7.4,0.512,0.531,2.5,3.2,0.781,1.8,6.3,8.1,7.2,1.2,0.6,2.9,1.7,14.6,8352367.0
Kyle Kuzma,29.0,2TM,PF,130.0,124.0,29.766666666666666,5.7,13.033333333333333,0.437,1.4666666666666668,4.8,0.307,4.233333333333333,8.233333333333333,0.5133333333333333,0.494,1.9666666666666668,3.1333333333333333,0.633,0.8000000000000002,4.866666666666667,5.7,2.3333333333333335,0.5666666666666667,0.3,2.2333333333333334,1.8,14.833333333333334,23856060.0
Amir Coffey,27.0,LAC,SG,72.0,13.0,24.3,3.3,7.1,0.471,1.4,3.4,0.409,1.9,3.7,0.529,0.57,1.6,1.8,0.891,0.4,1.8,2.2,1.1,0.6,0.1,0.6,1.7,9.7,3938271.0
Myles Turner,28.0,IND,C,72.0,72.0,30.2,5.4,11.3,0.481,2.2,5.5,0.396,3.3,5.8,0.561,0.577,2.6,3.3,0.773,1.3,5.3,6.5,1.5,0.8,2.0,1.7,2.5,15.6,19928500.0
Kevin Huerter,26.0,2TM,SG,138.0,62.0,25.066666666666666,3.9,9.1,0.42566666666666664,2.0,5.8999999999999995,0.33866666666666667,1.8666666666666665,3.233333333333333,0.5873333333333334,0.5353333333333333,0.5333333333333333,0.7333333333333334,0.714,0.4000000000000001,2.533333333333333,3.033333333333333,2.4,1.0,0.3333333333333333,1.0333333333333332,1.8,10.333333333333334,16830357.0
Daniel Gafford,26.0,DAL,C,57.0,31.0,21.5,5.0,7.1,0.702,0.0,0.0,,5.0,7.1,0.702,0.702,2.4,3.4,0.689,2.7,4.1,6.8,1.4,0.4,1.8,1.2,2.7,12.3,13394160.0
Jordan Walsh,20.0,BOS,PF,52.0,1.0,7.8,0.6,1.6,0.361,0.3,1.1,0.273,0.3,0.5,0.536,0.452,0.1,0.2,0.583,0.4,0.9,1.3,0.4,0.2,0.2,0.3,0.6,1.6,1891857.0
Malaki Branham,21.0,SAS,SG,47.0,0.0,9.1,1.9,4.0,0.458,0.7,1.8,0.405,1.1,2.3,0.5,0.547,0.6,0.7,0.818,0.1,0.9,1.1,0.8,0.2,0.0,0.7,0.6,5.0,3217920.0
Isaiah Joe,25.0,OKC,SG,74.0,16.0,21.7,3.5,7.9,0.44,2.6,6.3,0.412,0.9,1.6,0.549,0.604,0.6,0.8,0.821,0.6,2.1,2.6,1.6,0.6,0.1,0.5,1.5,10.2,12991650.0
Tristan Vukcevic,21.0,WAS,C,35.0,1.0,14.7,3.4,6.9,0.496,1.1,2.9,0.373,2.3,4.0,0.586,0.574,1.5,1.9,0.776,0.7,3.0,3.7,1.1,0.3,0.7,1.2,1.6,9.4,578577.0
Jalen Smith,24.0,CHI,C,64.0,2.0,15.0,3.0,6.4,0.466,1.1,3.5,0.324,1.8,2.9,0.634,0.554,1.1,1.4,0.809,1.4,4.2,5.6,1.0,0.3,0.7,0.6,1.5,8.2,8571429.0
Dariq Whitehead,20.0,BRK,SF,20.0,0.0,12.3,2.0,4.8,0.406,1.7,3.7,0.446,0.3,1.1,0.273,0.578,0.2,0.3,0.6,0.2,1.3,1.5,0.6,0.3,0.1,0.8,1.1,5.7,3114342.0
Jusuf Nurkic,30.0,2TM,C,102.0,64.0,20.866666666666667,3.3000000000000003,6.8999999999999995,0.476,0.6333333333333333,2.1,0.3033333333333333,2.6666666666666665,4.833333333333333,0.5486666666666666,0.5223333333333334,1.6666666666666667,2.533333333333333,0.6623333333333333,1.6666666666666667,6.133333333333333,7.833333333333333,2.266666666666666,0.8000000000000002,0.6666666666666666,1.8999999999999997,2.533333333333333,8.9,18125000.0
Jamal Cain,25.0,NOP,SF,37.0,0.0,13.6,1.8,4.3,0.43,0.7,2.2,0.325,1.1,2.1,0.538,0.513,0.9,1.4,0.68,0.7,1.6,2.3,0.6,0.6,0.2,0.6,1.2,5.3,578577.0
Isaiah Stewart,23.0,DET,C,72.0,4.0,19.9,2.4,4.4,0.559,0.2,0.7,0.321,2.2,3.6,0.607,0.586,0.9,1.2,0.759,1.8,3.7,5.5,1.7,0.4,1.4,0.9,2.5,6.0,15000000.0
Zach Edey,22.0,MEM,C,66.0,55.0,21.5,3.8,6.6,0.58,0.3,0.8,0.346,3.5,5.8,0.612,0.6,1.4,1.9,0.709,3.5,4.8,8.3,1.0,0.5,1.3,1.3,2.8,9.2,5756880.0
Jalen Hood-Schifino,21.0,2TM,SG,30.0,0.0,17.066666666666666,1.9333333333333333,4.833333333333333,0.5830000000000001,0.6666666666666666,2.1999999999999997,0.304,1.2333333333333334,2.6333333333333333,0.6243333333333333,0.6306666666666667,1.1333333333333335,1.3,0.8996666666666666,0.3,1.1333333333333335,1.4333333333333333,1.9333333333333333,0.2333333333333333,0.5,1.0,1.6333333333333335,5.633333333333333,4021384.0
Klay Thompson,34.0,DAL,SF,72.0,72.0,27.3,5.0,12.2,0.412,3.0,7.7,0.391,2.0,4.5,0.448,0.535,0.9,1.0,0.905,0.6,2.8,3.4,2.0,0.7,0.4,1.2,1.1,14.0,15873016.0
Jock Landale,29.0,HOU,C,42.0,3.0,11.9,1.9,3.6,0.533,0.3,0.6,0.423,1.7,3.0,0.556,0.569,0.6,1.0,0.675,1.3,1.9,3.3,0.9,0.3,0.2,0.5,1.2,4.8,8000000.0
Yuri Collins,23.0,GSW,PG,2.0,0.0,8.0,0.5,1.5,0.333,0.0,0.0,,0.5,1.5,0.333,0.333,0.0,0.0,,1.0,0.5,1.5,2.0,1.0,0.0,0.0,2.5,1.0,66503.0
Paul Reed,25.0,DET,C,45.0,0.0,9.7,1.6,3.2,0.507,0.2,0.6,0.286,1.4,2.5,0.561,0.535,0.7,0.9,0.762,0.9,1.8,2.7,1.0,0.9,0.6,0.6,1.7,4.1,4015938.0
Terence Davis,27.0,SAC,SG,1.0,0.0,8.0,0.0,2.0,0.0,0.0,1.0,0.0,0.0,1.0,0.0,0.0,0.0,0.0,,0.0,1.0,1.0,1.0,0.0,0.0,0.0,0.0,0.0,64301.0
Taj Gibson,39.0,CHO,C,37.0,11.0,11.1,1.3,2.6,0.495,0.0,0.1,0.5,1.2,2.5,0.495,0.5,0.3,0.5,0.6,1.4,1.9,3.2,0.6,0.2,0.5,0.7,1.5,2.9,3303771.0
Jay Huff,26.0,MEM,C,64.0,2.0,11.7,2.5,4.8,0.515,1.3,3.1,0.405,1.2,1.6,0.724,0.648,0.7,0.9,0.786,0.5,1.5,2.0,0.6,0.3,0.9,0.5,1.2,6.9,2088033.0
Jayson Tatum,26.0,BOS,PF,72.0,72.0,36.4,9.2,20.3,0.452,3.5,10.1,0.343,5.7,10.2,0.559,0.537,5.0,6.1,0.814,0.7,8.0,8.7,6.0,1.1,0.5,2.9,2.2,26.8,34848340.0
Russell Westbrook,36.0,DEN,PG,75.0,36.0,27.9,5.0,11.1,0.449,1.3,3.9,0.323,3.7,7.2,0.517,0.505,2.1,3.1,0.661,1.4,3.6,4.9,6.1,1.4,0.5,3.2,2.5,13.3,5631296.0
Josh Richardson,31.0,MIA,SG,8.0,0.0,18.8,1.4,4.8,0.289,0.8,2.8,0.273,0.6,2.0,0.313,0.368,0.5,0.5,1.0,0.8,0.8,1.5,1.5,1.0,0.1,1.0,2.1,4.0,3051153.0
Bennedict Mathurin,22.0,IND,SF,72.0,49.0,29.8,5.4,11.8,0.458,1.4,4.0,0.34,4.1,7.8,0.519,0.516,3.8,4.6,0.831,1.2,4.1,5.3,1.9,0.7,0.3,1.9,2.3,16.1,7245720.0
Jordan Clarkson,32.0,UTA,SG,37.0,9.0,26.0,5.4,13.3,0.408,2.3,6.3,0.362,3.2,7.1,0.448,0.493,3.1,3.9,0.797,0.7,2.5,3.2,3.7,0.8,0.2,2.3,1.4,16.2,14092577.0
Cody Martin,29.0,2TM,SF,106.0,16.0,20.533333333333335,2.3333333333333335,5.7,0.40066666666666667,0.6666666666666666,2.6333333333333333,0.23966666666666667,1.6333333333333335,3.033333333333333,0.543,0.4563333333333333,0.7666666666666667,1.1333333333333333,0.7163333333333334,0.9666666666666667,3.0666666666666664,4.033333333333333,1.8,1.0333333333333334,0.5666666666666665,0.9,1.7333333333333334,6.1000000000000005,8120000.0
Kobe Brown,25.0,LAC,PF,40.0,0.0,6.8,0.8,1.8,0.458,0.2,0.7,0.231,0.7,1.2,0.587,0.5,0.1,0.2,0.714,0.5,1.2,1.6,0.6,0.2,0.1,0.3,0.6,1.9,2534024.0
Jabari Walker,22.0,POR,SF,60.0,1.0,12.5,2.0,3.8,0.515,0.5,1.2,0.389,1.5,2.6,0.573,0.576,0.8,1.2,0.69,1.0,2.5,3.5,0.6,0.6,0.1,0.6,1.5,5.2,2019699.0
Malevy Leons,25.0,OKC,SF,6.0,0.0,3.5,0.0,0.3,0.0,0.0,0.2,0.0,0.0,0.2,0.0,0.0,0.3,0.7,0.5,0.2,0.3,0.5,0.2,0.0,0.0,0.2,0.7,0.3,126356.0
Miles McBride,24.0,NYK,PG,64.0,10.0,24.9,3.5,8.5,0.406,1.8,4.9,0.369,1.7,3.7,0.455,0.511,0.8,1.0,0.813,0.7,1.8,2.5,2.9,1.0,0.3,0.6,1.7,9.5,4710144.0
Luke Kornet,29.0,BOS,C,73.0,16.0,18.6,2.6,3.8,0.668,0.0,0.0,0.0,2.6,3.8,0.675,0.668,0.9,1.3,0.691,2.6,2.7,5.3,1.6,0.5,1.0,0.4,1.6,6.0,2800834.0
Isaiah Wong,24.0,CHO,SG,20.0,0.0,13.3,2.1,5.3,0.39,0.7,1.7,0.394,1.4,3.6,0.389,0.452,1.3,1.7,0.735,0.7,0.9,1.6,1.4,0.6,0.0,0.9,1.1,6.0,427879.0
Ja'Kobe Walter,20.0,TOR,SG,52.0,18.0,21.2,3.1,7.6,0.405,1.3,3.6,0.349,1.8,4.0,0.454,0.487,1.3,1.6,0.795,1.1,1.9,3.1,1.6,0.8,0.2,1.0,1.8,8.6,3465000.0
Blake Wesley,21.0,SAS,SG,58.0,0.0,11.8,1.4,3.2,0.435,0.3,1.0,0.293,1.1,2.2,0.5,0.481,0.7,1.1,0.623,0.3,0.8,1.1,2.0,0.6,0.1,0.9,0.8,3.7,2624280.0
Brook Lopez,36.0,MIL,C,80.0,80.0,31.8,4.9,9.7,0.509,1.7,4.7,0.373,3.2,5.0,0.636,0.599,1.4,1.7,0.826,1.4,3.6,5.0,1.8,0.6,1.9,1.1,2.1,13.0,23000000.0
